,id,captions,md5
0,1,"Bolboschoenus maritimus, Flowers dark brown with tan bristles.",bed8c4d1075643ceb12c4e4fffb1a943
1,2,"Bolboschoenus maritimus, Flowers group in the joint of flat stems.",481c09bfc7bc5124cec9ed4d79408730
2,3,"Bolboschoenus maritimus, Stands erect with noticeable brown flowers",0027599f1d2782ea123edf4a8984e6cb
3,4,"Heuchera micrantha, Alum root sends wispy stems in the air, supporting dozens of tiny flowers.",5933f79ded29dab6e0ea11106d2cd9d9
4,5,"Heuchera micrantha, Fuzzy leaves are mitten-shaped.  They connect to the base of the plant on long stalks.",a52bbd28b7b14c9da22f6f579c11f268
5,6,"Heuchera micrantha, Leaves form a thick basal cluster.",0bf5f7ffb61f65a0fe11129cadcfbe36
6,7,"Cornus sericea, Opposite leaves , strong veins, pointed tips.",173b4fbd2960b170a31f71285b0b150b
7,8,"Cornus sericea, Showy clumps of flowers turn into white berries.",f8850ac48572af2f92bf04305a693c4a
8,9,"Cornus sericea, 4-petaled white flowers grow in clumps at the end of stems.",2cc333d449f3099eee0375c11a59eb07
9,10,"Vicia americana, Purple pea-like flowers",18793055400be099b8703cfd7ba50cb4
10,11,"Vicia americana, Alternate compound leaves .",726aa90ce963de5d124002480fd8e0bb
11,12,"Vicia americana, Vine grows to a foot long.  One inch pea pods for fruit.",bf36d488e11ec7d73d9a5167108f03ac
12,13,"Vicia americana ssp. americana, Small but bright flowers",56bffcbef7d20043ef655f99a38ebc40
13,14,"Vicia americana ssp. americana, Lots of small compound leaflets .",c11c5bdc5ec40a1a072f9d72d6aa228a
14,15,"Vicia americana ssp. americana, Long thin leaves and purple flowers make this a vetch.",4db4fd44db3988d815ca788c1fbc2d7d
15,16,"Cortaderia jubata, Tall stems (up to 20 feet) and showy tops make this plant stand out.",75c99b0cea913c0f3432b0af63bd7519
16,17,"Cortaderia jubata, Many stems join at the root.",a74ceb194de79ef98c0e6289940c3546
17,18,"Cortaderia jubata, Grass stem is hairy.  Leaves connect to the stem in a sheath.",b63eb05863233dd6ff0c0e3f70d8f1f2
18,19,"Polypogon monspeliensis, Annual Beard Grass is topped by large, fluffy spikes . They're framed by flat, rough, green leaves to  8"" long.",48c4ce669b0f528fd5822fa9a42ed62c
19,20,"Polypogon monspeliensis, Soft, dense spikelets are green until they mature.  There are lots of spikelets in the spike , each producing  3 awns .",191c4e5d950fc410867b6cfabd4b8298
20,21,"Polypogon monspeliensis, Long awns let light through around the edge but the center is opaque.",c45aa71ec0c8e2d0cafe8d1f6b3d3a0f
21,22,"Poa annua, Bright green or yellow-green leaves are soft, generally flat and come to a blunt point at the tips.",47e43b92cd971f2a77e6fb70850f8fc4
22,23,"Poa annua, Like all Bluegrasses , the inflorescence is open and spikelets have no awns . Florets are membranous.",fec75cd1b45f6efad0a5d370b1147eba
23,24,"Poa annua, Annual Blue Grass grows quickly in disturbed areas.  Plants are small but have many leaves.",79d8cefff3d69f428359c3b2fa880a80
24,25,"Deschampsia danthonioides, This meadow grass has spreading spikelets with awns , giving it a fuzzy appearance, thus Hairgrass. Spikelets sometimes have purple tips.",c9fb3db837fea27b9dfa62638ec069af
25,26,"Deschampsia danthonioides, Hairgrass grows singly or in loose clumps.  Spikelets grow on narrow, spreading, ascending branches.",448c9a16309bb07294a51abc3b75064b
26,27,"Deschampsia danthonioides, Two large bracts surround 1-3 florets.  Each floret has a long awn that bends in the middle.",05bd0267288c05a5bc92ee060c6cf385
27,28,"Urtica urens, Leaves are hairy, dark green, have large teeth, and end in a point.",ef73bafdc95beb059507945694afad27
28,29,"Urtica urens, Leaves are opposite.  Veins make indentations in the leaves.",6cd46f88fdbcefa6f27516a9e6f7ec02
29,30,"Urtica urens, Small green flowers look like little balls.",a194c9a8fb5f813b7adda0bf8a706c67
30,31,"Crassula aquatica, A succulent with tiny short pointed leaves less than 1/4 inch long.",76d5cff4d12a2a1822bf743e7da6565d
31,32,"Crassula aquatica, Likes to be submersed in water (salt or fresh).  Grows erect when exposed to air.",3213ad0c64143816ef89ebd5b94f242c
32,33,"Crassula aquatica, Tiny pink flower less than 1/4 inch wide.  Leaves can be red as well as green.",95107498c5c5e3983e4699bedefb0b2a
33,34,"Lupinus succulentus, Look for radial leaflets that are   wider near the tip.  Their fleshy top feels rubbery.",dfefc8f60fb29bda15704d22b04e4228
34,35,"Lupinus succulentus, Here's a closeup of the flower.  The yellow pistil is just sticking out of the right-hand keel .  The left part is the banner .",c4e6e21e879299877cd72e21b6d32efd
35,36,"Lupinus succulentus, Stacks of whorled flowers have white banner spots that turn magenta with age.",81919da2d977cee8a1560264712eddd7
36,37,"Salix lasiolepis, Leaves are about 5 inches long, smooth-sided and narrow. They're pale/hairy underneath, and wider near the tip than near the base.",71c976c0a94a8cdad5d7bc4a0c4d8be7
37,38,"Salix lasiolepis, Classic pussies with yellow stamens.  The buds are fused together (not overlapping) before they open.",afc9fcf495ef01aa5aac25379605db27
38,39,"Salix lasiolepis, This willow has many trunks, sometimes growing as a tree, and sometimes as a tangled shrub.",41891f9328690edde7fe994bfe0692dc
39,40,"Cotula australis, Small flower head is made up of many tiny petal-less flowers.",4da14b32a75ad9ea13ebe5941dafbda3
40,41,"Cotula australis, Leaves divide into many little lobes .  Grows low to the ground.",6b52eb08688416db16d5c9ff0b2a6754
41,42,"Cotula australis, Green phyllaries behind a yellow flower head.",a946fa9bb3b8759430bc0a6d772af1ba
42,43,"Senecio glomeratus, Composite flowers group at the top of the stem.  They have no ""petals"" ( ray flowers ).",fa03ff7fe4dc609b11402036e6e77b46
43,44,"Senecio glomeratus, Leaves clasp the stem, grow to about 6 inches, and are deeply lobed .",11c6d1a8fa5c4f424fdf62c6aedeaa52
44,45,"Senecio glomeratus, Grows to 6 feet or so, with lots of flowers near the top of the stem.",579012c6239d513b73f6fc71846daf67
45,46,"Nemophila menziesii var. menziesii, Pale blue to dark blue petals.",c3a1d1f8e77e9783a86b08e98a1633dc
46,47,"Nemophila menziesii var. menziesii, Five separate blue petals with a white center, usually with black dots.",deb16381b893771479a07985e0eafa16
47,48,"Nemophila menziesii var. menziesii, Grows a couple of inches above the ground, with opposite, lobed leaves.",f6988fee44e8571cc575236617083729
48,49,"Actaea rubra, Leaves have deeply toothed margins.  Poisonous berries are red or white, with a black dot.",f0a9abdc3a843497bd8201c8458e2b0f
49,50,"Actaea rubra, White showy clusters of flowers stand out on their own stalks. Each flower has many long stamens .",68fdb9dc73f423d3687d85e2b6102413
50,51,"Actaea rubra, Leaves are compound and sharply toothed.  Leaves and flowers are on separate stalks.",1867de1e9d706e28588aa423c14527b9
51,52,"Elymus triticoides, This rye has 2-ranked spikelets that connect directly to the stem.  There is space between each alternating spikelet.",203e63d454cbc330182801f1490e17d3
52,53,"Elymus triticoides, Hollow stems (like straws) connect at solid joints. Leaves are about 1/4"" wide and a foot long.",2f030e4d9cc32c9f423a8aaea413e88f
53,54,"Elymus triticoides, Prominent blue-green leaves are 4-12"" long and grow away from the stem.  Found in moist habitats with heavy soils.",c5f54c1510283dd5add85cf954b2646c
54,55,"Scrophularia californica, This view of the flower from below shows two rounded petals on top, two side petals, and one folded out like a tongue.",297fd728e7b2a9ad11733089e2c2adfe
55,56,"Scrophularia californica, A square stem supports large, opposite, toothed leaves.  This might make you think ""Mint"" but it's not.",80b94ee3a53eafd9dd268a44a23e991a
56,57,"Scrophularia californica, Bee Plant grows several feet high with opposite, narrow leaves sticking straight out.  Flowers are on horizontal stalks near the top.",36ee35a09c866e65e5adfd00953b66c8
57,58,"Agrostis exarata, Spikelets form a dense, slender column with short stalks.  At maturity, the column opens up a bit. Awns are so short you may not notice them.",50c034f0e129854db6a6efd7649e2249
58,59,"Agrostis exarata, Leaf blades are about 1/4"" wide and 6"" long. The ligule is prominent, membranous and not hairy.",d126a4d18501d40f91d7503b1ad5dada
59,60,"Agrostis exarata, Leaves mostly ascend from the base of the plant.  A long, narrow inflorescence rises above them, turning purple and then brown late in the season.",76af4eaa54631fe1950abf3f142048cb
60,61,"Cynodon dactylon, Spikelets are tiny (<1/10"") and purple.  Tight colonies of plants are connected by rhizomes and stolons .",081ff6712f15497b6a3ad17ebc5e8838
61,62,"Cynodon dactylon, Two rows of spikelets connect to one side of finger-like branches that all join at the top of the stem.",53dac0e7b77273230865fd04ee364e05
62,63,"Cynodon dactylon, The ligule is white and hairy.  Leaf blades are short, flat and fleshy.",988b4940501d95575c30e1cd4dea036b
63,64,"Elymus multisetus, Dense inflorescences with long, purplish awns resemble squirrel tails, especially when they mature.",b4ff76510dfe3fdb807df0b0ee32b701
64,65,"Elymus multisetus, Here's a closeup of a squirrel tail.  It's crowded with spikelets , each producing 8-22 awns !",56415ba81739c93c151a0a670bebb19a
65,66,"Elymus multisetus, Leaves are narrow and long. Found in open, sandy or rocky areas.",fb283f7d867b6506747378b94235dc70
66,67,"Acer macrophyllum, Leaves are quite large, up to 12"" wide, with deep indents.  No other maple in the U.S. has leaves this big.",cfc20d6f4c6ff70a74a8bc6a98a59796
67,68,"Acer macrophyllum, Flower clusters droop from emerging leaves.",6c5d97f234128d24595021bde3adaf44
68,69,"Acer macrophyllum, Two winged fruits grow side by side, creating a helicopter-like lift when they're blown away on the wind.",71eef3559ff62a06b150960029187dc4
69,70,"Pseudognaphalium biolettii, Shiny papery phyllaries surround tiny yellow aster flowers.",1d4a6fbc23515aaddfa6292278cbdefe
70,71,"Pseudognaphalium biolettii, Many tiny brown fruits.",4e891fcf39064cd25b271d51ff1f8472
71,72,"Pseudognaphalium biolettii, Grows to 3 feet, sometimes woody at the base.",40d123eb507644f7a8fb417763310d2f
72,73,"Cercocarpus betuloides var. betuloides, Leaves have smooth edges near the base, but become toothed about half way up.  Rounded tips.",6668b9d1f42abc9c57e409665ef720ad
73,74,"Cercocarpus betuloides var. betuloides, Fruit shaped like a fuzzy twisted tail.",8db75070616eb64a2169073815275655
74,75,"Cercocarpus betuloides var. betuloides, Shrub grows 3 to 20 feet tall, on dry slopes.",07d205dad04b734fa03a2713d1e322b1
75,76,"Veronica persica, The small (1/4""), 4-petaled flower has darker blue, radiant stripes. Notice how the petal sizes vary.  2 purple-tipped stamens and a green tinged center invite pollinators to visit.",3f5fee07d64c73c7f937ccd876585bf0
76,77,"Veronica persica, Leaves are opposite .  Flowers cluster at the top of the stem. The plant is often recumbent, lying along the ground.",f42f65f144cdcd7c10ed763c387645d2
77,78,"Veronica persica, This beautiful plant is easy to overlook because of its small size, but a pleasure to find.",e9315f775e1c2203991c3c9bb3c82017
78,79,"Pellaea mucronata var. mucronata, Grows on hot, exposed rocks and rocky slopes.",c156c89d3faf1b8ae3b3467c6f7dc4d5
79,80,"Pellaea mucronata var. mucronata, Individual leaves are separated.",a0de0f1b18a7494f2229af1b93a73e7c
80,81,"Pellaea mucronata var. mucronata, Leaves curl under, protecting spores.",5aa5cc44afee7b64df19560eb4392d0e
81,82,"Lotus corniculatus, Tiny pea flowers cluster at the end of the stem.",ff1bcf68ff59d6abd4407dcf284b7d03
82,83,"Lotus corniculatus, Each plant is small.  See fruit pods on the left, compound leaves in the middle, and a flower cluster on the right.",96f449de5be2535e0bfd7e5bf768e2ad
83,84,"Lotus corniculatus, Colonies of Bird's Foot Trefoil can be prominent in grasslands.  It is sometimes vine-like, with prostrate stems up to 20 inches.",86304051dca52668ab2ab21619ff38e1
84,85,"Prunus emarginata, 3-10 small flowers per cluster, 5 separate petals, long stamens .",5a79dceb310ece74b7d1cb26a5aef88b
85,86,"Prunus emarginata, Leaves to 3 inches long with bumpy edges.  Red cherries, each with its own stalk.",e8fdf78698532d614cced974ecf6779c
86,87,"Prunus emarginata, Bitter Cherry forms thickets on sunny hillsides.",ea6b28732b240fbf6e8ee1f784669858
87,88,"Populus trichocarpa, Leaf tops are glossy dark-green.  Undersides are pale.  Leaves are long and pointed, with small teeth on the edge.",7efa39115326497233307d3e2d1995ae
88,89,"Populus trichocarpa, Alternating secondary veins connect to a central one.",5f2315179fb446430fb0f83a6f109c00
89,90,"Populus trichocarpa, Grows near running water.  Trunks get very large, and the tree height often exceeds 100 feet.",360c99f538c41a91dd1b47ad792641c5
90,91,"Salvia mellifera, Mint flowers and leaves in whorls around the stem.",f8686a6679f9ed1d09832373603bdef3
91,92,"Salvia mellifera, Seed groups s become woody.",d0a1b28fc920e3a790c5c376e3649d4d
92,93,"Salvia mellifera, Basal leaves much longer than wide, with a strong central vein.  Flowers in whorls around the upper stem.",f93480a0054413a2d022bcfdddc4ae14
93,94,"Acacia melanoxylon, Pale yellow spherical flowers show many stamens .  These develop into reddish-brown pods.",d13c9b55b7d11a344dfcfc39a1aeb9d1
94,95,"Acacia melanoxylon, Mature leaves are generally wide but occasionally have divided fern-like tips.  Young leaves are divided too.",53e36c174a23bdcef633c5035c69f2e5
95,96,"Acacia melanoxylon, Blackwood Acacia grows to be a substantial tree.",af37360eedfc2c3bb9449153ad25b279
96,97,"Ceanothus thyrsiflorus var. thyrsiflorus, Blueblossom is full of tiny, fragrant flowers when it blooms in spring.",2f237fa618efc7343116a1bb772f7c4b
97,98,"Ceanothus thyrsiflorus var. thyrsiflorus, Alternate leaves have 3 veins that join at the base.  The underside is dull and the top is shiny.",d314b974b03c07a5a651b1415d8afafa
98,99,"Ceanothus thyrsiflorus var. thyrsiflorus, Leaves are shiny and dark green on top, growing to 2 inches long.  They have glandular bumps on the side.",c8e7073660e14a4a16c55c2d887e9f7e
99,100,"Dipterostemon capitatus, A tight bunch of 6-petaled flowers appears at the top of a tall, wavy stalk.",1b1b21d9419f3b38e726a8455f7a0cae
100,101,"Dipterostemon capitatus, The centers of the flowers feature a forked, white sheath that surrounds yellow-tipped stamens .",90602ffe7598c5987a593ba1af943602
101,102,"Dipterostemon capitatus, Long, narrow leaves grow from the base of the plant.  Below, the roots connect to food-storing corms .",bd462d4cadb0b44c6cae6a3282facef7
102,103,"Sambucus mexicana, White flat-topped clusters of flowers are easy to spot.",117e18c04cd30006a1c36cdaf1507b36
103,104,"Sambucus mexicana, Berries with a waxy covering makes them look powdery.",e469f2f7d38c38215d8aafed1997648b
104,105,"Sambucus mexicana, Compound leaves with 5 - 9 toothed leaflets.",61da6ff5c08788fe4dfd57d7ad831c43
105,106,"Pholistoma auritum var. auritum, This bright flower is about 1"" across, with a pale ring around a dark throat.",cbcd74e5dd6b43afca8dc3246b11de10
106,107,"Pholistoma auritum var. auritum, Sepals are pointed and hairy, alternating bent forward and backward.",c10d3f05a33863e857621cef567af8c9
107,108,"Pholistoma auritum var. auritum, Leaf stalks have wings on their sides and wrap around the stem.  Leaves are long with lots of narrow lobes that stick out sideways.",945b25703f4c98cb3fbdccd98349b64e
108,109,"Eucalyptus globulus, Flower has many white stamens surrounding a central knob, and smells of honey.",3f9412c00db412e4ab19044afefc2dd4
109,110,"Eucalyptus globulus, Mature leaves are narrow and curved, growing to a foot long.  Woody fruits with 5 notches, grow to 1 inch across.",c21005f14d4142dc3ac29c482ebc8159
110,111,"Eucalyptus globulus, Heavy trunks with bark that peals in large strips.",d9ccaab6698943ea419af35e73b32848
111,112,"Solanum umbelliferum, Blue Witch flowers are lavender or blue, pentagon-shaped, and have a yellow center.",5252f3106ccf1506b39ac4b9eb317443
112,113,"Solanum umbelliferum, Leaves are hairy and smooth edged.  Flowers sport green spots at the base of their petals.",cc69d0ba2b3b15242519279fbd28ff2f
113,114,"Solanum umbelliferum, Blue Witch is a small shrub that grows to 3 feet.  Every part of it is poisonous to eat.",316cb7a637ba1e02ea9a51c2e248ffdb
114,115,"Sisyrinchium bellum, Beautiful 1/2"" wide flowers have blue to violet petals and a golden yellow center to guide pollinators in.",5ca8586621a321e15feb2fa5a3a242cc
115,116,"Sisyrinchium bellum, Leaves are grass-like, narrow with parallel veins.",248aabb9066f0e9f57cc5fb100d02bf7
116,117,"Sisyrinchium bellum, The ovary is below the flower and, if pollinated, develops into a capsule-like fruit.",662ec0ce1ce7a8e1d8852f3f30ad3674
117,118,"Pteridium aquilinum var. pubescens, Bracken Fern frond segments are long at the base and quite short near the top, creating an overall triangle shape.",221582a9c832e8a7dc4c38252ff6dc1b
118,119,"Pteridium aquilinum var. pubescens, Segments have regular rounded lobes .  The similar Sword Fern has a ""thumb"" near its midrib .",c455b6d2a227bb79ff1c702db7c3cde6
119,120,"Pteridium aquilinum var. pubescens, New growth forms in a fiddlehead, and then opens up.",1121a27a2a3f4fcabc9f3601d5741a14
120,139,"Crepis vesicaria, In the Dandelio sub family.  Weedy Hawksbeard has many flat-tipped yellow ""petals""",3b1178540c13bbc22a4d21155d67f4bf
121,140,"Crepis vesicaria, When viewed from behind, the flower is supported by separate green leaf-like phyllaries .",f062916eb8a905cd19382b5365d26a11
122,141,"Crepis vesicaria, Many flowers attach to a single stem.  Traditional ""ragged"" dandelion leaf.",5496468f450037b13fb4bfdc0fc42e2f
123,169,"Helminthotheca echioides, Leaves have stiff bristles and bumps, giving it its name. Dandelion-like flowers top each branch.",25714a5a0bcc672aff9b08b51513a1e5
124,170,"Helminthotheca echioides, Dandelion-like flowers are surrounded by distinctive, triangular, upward pointing, bristly green bracts.",85bbc7ee812db00ea1b00e4f9b0da236
125,171,"Helminthotheca echioides, Plants are tall, with many branches.",f61629df62c38c22c4241c81224191b2
126,172,"Arctostaphylos crustacea ssp. crustacea, Leaves are relatively big (2"" long).  Flowers are tiny in large bunches.",1e2fd8632b0c9b51a76600379fcf3a8d
127,173,"Arctostaphylos crustacea ssp. crustacea, Early flower development shows red bracts .  Leaves of ssp. crustacea have almost no hair on the bottom.",f6d5413f5e35e99df0df9f4607c53e09
128,174,"Arctostaphylos crustacea ssp. crustacea, Look for a prominent burl at the base of the plant.",92880109a6a61f1acc4ad1169a947831
129,175,"Festuca bromoides, Brome Fescue is a short grass with small spikelets that turn a straw-like color as they age.  Fescue is Latin for ""straw"".",3d568fcbaac108f7ff9b2732e3d49168
130,176,"Festuca bromoides, Each floret produces an awn about the length of the rest of the spikelet.",4ba43a327ecc1ca9cb17b703e7c24361
131,177,"Festuca bromoides, The inflorescence is densely populated with spikelets on short stalks.  Spikelets and awns point sideways  as they mature, giving a tangled appearance.",2e1fb3c9b2ea60fd4ead4d01506067d5
132,178,"Poa bulbosa, Most California plants have self-pollinated aerial bulblets with shoots already growing out of them.",592273697d1f76252556f2f3f73ca0e7
133,179,"Poa bulbosa, The base of the stem also has bulblets that divide to create new plants.",ba280aedd4510718545bac308258bf1f
134,180,"Poa bulbosa, This weedy bluegrass can dominate roadsides, overgrazed pastures and other disturbed areas.",8aaac4507c2a499d7570426c1ba05907
135,181,"Cirsium vulgare, A fairly thin pear-shaped spiny bulge below flower is a good way to distinguish this species.",6c3815a1c6448d507a31e81378d09124
136,182,"Cirsium vulgare, Bull Thistle has big spines all the way up the stem, on the leaves, and around the flower.",877d07835f1061594355fe2a79030ddb
137,183,"Cirsium vulgare, Here is a basal rosette of thick, toothed leaves.",79b4694e3c3722ef66eb0e4dc8e9e302
138,184,"Umbellularia californica, Leaves are fairly narrow, with a central vein and smooth edges, ending in a point. They have a leathery feel, and a spicy smell when crushed.",6536b76d997b83ceda236359c0ef529c
139,185,"Umbellularia californica, Green fruit turns purple when mature.  Leathery skin covers oily flesh that surrounds a pit (similar to avocado).",4c85877414d65cb1df36fd87c542886b
140,186,"Umbellularia californica, Bay Laurels can grow to be substantial trees, thickly covered with their spicy-smelling leaves.",789aee8fa14f7851a1b7ff56e4cc9cac
141,187,"Rubus ursinus, Separate petals, with green leafy sepals in between.  This male flower has many stamens .",70a51d9e7b2a0fc548abc70cea0741f8
142,188,"Rubus ursinus, Prickles are short, narrow, and plentiful.  Himalayan Blackberry has wider, longer, and less densely-packed prickles.",9b63803df258648040415e1260cbbafe
143,189,"Rubus ursinus, Red fruit turns black with maturity.  Leaves in 3s, coarsely toothed, are hairy and have spines .  Veins are indented on the leaves.",a7a60ae265d7f3152432e495b1af67bf
144,190,"Bromus sitchensis var. carinatus, Spikelets attach to the stem on branches. Glumes are short, revealing 5-10 florets above them.",a3c883a8663367ae69ee43db332362fd
145,191,"Bromus sitchensis var. carinatus, Florets form a flat, woven pattern, each with a 1/2"" awn .",da9df228b5b7f0a7cfd19eff8350781c
146,192,"Bromus sitchensis var. carinatus, Long leaves and inflorescences give this a classic bunch grass look.",b82d689cc4825e27d7212e623d781a23
147,193,"Aesculus californica, Buckeye trees become covered with columns of sweet-smelling flowers.",550c77114b4bb4235e2d52a9aff3c32b
148,194,"Aesculus californica, 5-part compound leaves are palmate (shaped like a hand).  Leaf edges are finely-toothed and bud in early February.",e8224638e202970b4a1fa0aa5bd24b64
149,195,"Aesculus californica, Trees in the open form a dome shape, often growing 40 feet tall and 40 feet wide.  They can live 250 years.",312a99b067cb48c78a4c09a846bbf72b
150,196,"Medicago polymorpha, 3 or 4 yellow pea flowers cluster at the end of a long stalk. Leaflets have serrated edges.",bf6d149a7fadf78f00219248d433ba40
151,197,"Medicago polymorpha, Burclover tends to run along the ground.  The 3 clover-like leaflets are separate from one another.  Flowers, fruits and leaves are on stalks.",36b61cd65592406f7abb674c2748c144
152,198,"Medicago polymorpha, Pollinated ovules enlarge into tightly coiled pea pods with burs that stick out.  The burs catch on passing animals, distributing the seeds to new areas.",0830144df4c8cbe2c4d8421d168546d0
153,199,"Pseudognaphalium californicum, Each tiny pineapple-shaped flower head is wrapped in white papery phyllaries and contains over 100 minute yellow flowers.",bc5767f8ce94571dd02ae67a7d6dc275
154,200,"Pseudognaphalium californicum, Leaves are narrow and pointed, growing to 4 inches long.  They're smaller higher on the stem.",b5fa39ea80e16afdc5e99ca994860135
155,201,"Pseudognaphalium californicum, Branching stems grow erect, each topped with whitish flower heads.",b9bdee1de58c58b0498b2b675dbc3704
156,202,"Corylus cornuta ssp. californica, Soft fuzzy leaves have toothed edges.  Veins are indented.  Leaves fall off in the winter.",2ea95395192ebd5b089f1c291336eb83
157,203,"Corylus cornuta ssp. californica, The flower matures to a hazelnut, protected by a hard shell and fuzzy sheath.",b89bba59b7a4c82d6e075db0a9e161ef
158,204,"Corylus cornuta ssp. californica, Male catkins form in the fall and last until spring.",2b0148a3d3adb65ee27be790be0ad95e
159,205,"Lonicera hispidula, Vines end in pink flowers, full of nectar (thus, Honeysuckle).  Hummingbird and bees pollinate the flowers in their search for the nectar.",3396bb025785873143077d233df26514
160,206,"Lonicera hispidula, Pollinated flowers turn into bright-red translucent berries.",c3497f2223522dfb5b17d8799ce4e30e
161,207,"Lonicera hispidula, Leaves near the flower wrap around the stem.  Leaves further down are opposite .",dc201bc392e5d3c9a8710249b17cbeac
162,208,"Caulanthus lasiophyllus, Compared to our non-native mustards, California Mustard has fewer, smaller, generally white flowers.",c202735075cb45bc25ba501d868e4c6a
163,209,"Caulanthus lasiophyllus, Seed pods are quite narrow and long.",7e88afd8d4edfac5fc040f46cfc1067b
164,210,"Caulanthus lasiophyllus, The whole plant gives a linear apearance.",70e3b6492fdf20e559fa6dadfd056954
165,211,"Danthonia californica, This bunch grass has flat leaves, about 8"" long.  Flowering stems arch outwards from the plant center.",563bb09a1d99f44d6d44201f9b8d4f71
166,212,"Danthonia californica, Only 3-6 spikelets in a short inflorescence (about 2"").  Branches are flexible and longer than the spikelets .",e1471fdd48acfa4fd2b479dd3d7b30df
167,213,"Danthonia californica, Mature spikelets open up, with glumes longer than individual florets .  There are 3-8 florets per spikelet .",eef334453595f0d32cfa8a3ef1bdf427
168,214,"Hordeum depressum, This is a small, annual barley , with a densely packed, awn -filled spike .",ae2b85440797d1c47427407160a40633
169,215,"Hordeum depressum, Fat spikelets have long awns .",97ce514585d331503aef1eb0c2dc2ff6
170,216,"Hordeum depressum, Alkalai Barley is found in moist areas, including vernal pools.  It does well in alkali soil.",dfe6dfb59c74ebce5ba06d6ab5646351
171,220,"Frankenia salina, Tiny 5-petaled white or pink flowers.",2d0946ca5d6b6264aef2045dee19bf80
172,221,"Frankenia salina, Leaves are opposite , have a strong central vein, smooth edges, and a pointed tip.",f9a41504368476f40d761e5573a94956
173,222,"Frankenia salina, Can grow to 18 inches, often prostrate .",355ff0c289e82bc0c83f0a43d046e76b
174,223,"Malvella leprosa, 5 petals form a cup, starting out white or yellow and turning pink with age.  Stem is hairy and grows along the ground.",ea4f231fc9774040a611caeee2c17e1b
175,224,"Malvella leprosa, Leaves have wavy edges, growing to over an inch wide.",bcf653ecafdaa0a7804e572a8145a8e2
176,225,"Malvella leprosa, Grows rapidly in alkaline (salty) soils. Often found near agricultural fields.",4be6663337cbf672d11151eb6b28bbff
177,226,"Prunus dulcis, Narrow leaves grow to about 5.""",2d5b38479231d21b75988f60aadbab41
178,227,"Prunus dulcis, Covering opens up at maturity.",823be4859b209a021543b44623d18cbf
179,228,"Prunus dulcis, Pink blossoms in the spring - this tree is widely cultivated in the central valley.",8e71114187c44f56215ea21eaa24220e
180,280,"Achyrachaena mollis, Here is the classic Blow Wives look.  Flat, scaly pappus forms a wind parachute for each seed.",5b14d635b81735c9c1e1ae92f760c380
181,281,"Achyrachaena mollis, Yellow or orange ray florets point straight up.  Inside them, many disc florets grow without petal-like rays.",b22c49a42d3b1ee974c7de080b318ebb
182,282,"Achyrachaena mollis, Leaves are narrow and grow up  to 6"" long.  They're erect and fuzzy.",c4bfd7493c1230c0cf246384e1ab3476
183,292,"Quercus douglasii, Leathery blue-green leaves often have shallow lobes .  They have a short petiole (stalk) and are generally 2 - 3 inches long.",24c652291fedf6fb57acefcb61ff666a
184,293,"Quercus douglasii, Bark is pale and checkered by medium-size cracks.  It reminds me of corn flakes.",8c202e3f72292706507e68123c64decc
185,294,"Quercus douglasii, This moderately sized oak has a heavy trunk and branches.  It's common in dry, hot places that have some water.",20fe31203d22fe21137985c626df1370
186,310,"Juncus phaeocephalus, These rushes grow closely together on wet ground. Dark brown or purple flower heads grow near the top of flattened stems.",14abdee32acfbb7b0bdb90dfe0fdf9dc
187,311,"Juncus phaeocephalus, Flower heads have clusters of dark-brown six-part flowers. Anthers (white) and stigmas (pink) stick out beyond the flowers for wind pollination.",a0248fa3b5556373dbbe1e3ec9060005
188,312,"Juncus phaeocephalus, Leaves are flat and have ribs that grow part-way across them. They have pointed tips.",ce5ed2fbac59f860042c3d6e001ab3e4
189,379,"Festuca idahoensis, Found in dry, open or shady places, Blue Fescue may appear bluer than plants around it.",54406074c00089fdc2e53b4a8bc884db
190,380,"Festuca idahoensis, Spikelets are about 1/2"" long.  There's enough room between spikelets to see wavy branches.",845586488c954940fd3cec177788b237
191,381,"Festuca idahoensis, Spikelets are flattish, with 2-ranked florets .  They're held close to the stem until mature. Awns are thread-like.",9aec57d71f7f6700163c780f635bbd3f
192,397,"Urospermum picroides, Stalks widen just below the flower head, supporting a thick, hairy base with narrow, pointed phyllaries .",addb15cb28d05f25f460a7116424f918
193,398,"Urospermum picroides, Leaves are clasping, often with irregular lobes with sharp-toothed margins.",df4b6f006bc1ecfc1c17febdf2e81d49
194,399,"Urospermum picroides, Pappus a fluffy sphere.  Brown fruits end in a long, twisted beak that ends in a cone of plumose bristles.",88ce2a5a4f3eec87598df6f46042989e
195,442,"Atriplex semibaccata, Leaves are able to excrete salt, making it more tolerant of salty environments.",69bcb77c2ba43067b4bfbf469ca1f043
196,443,"Atriplex semibaccata, Red fruits nestle in leaf nodes.",1fdbb53a6b2c6ea0195f3465bbac2d5f
197,444,"Atriplex semibaccata, Veins stick out from leaf.  Leaf edges are generally smooth.",8faffa571e2c741559c40bd41d6699ac
198,511,"Veronica americana, Look for 4 petals and opposite leaves with a round stem.  Green center guides in pollinators.",e70af057f62a112df597a7d3f38e5bdc
199,512,"Veronica americana, 4 pale-blue petals with 4 green sepals behind them.",c1fcdbbc8229d6af69c48e694c875743
200,513,"Veronica americana, Opposite leaves up to 3 inches long.  Flowers in groups at the end of stalks.",0c2e3cf47c0c2a31ee56979f5a20825f
201,547,"Arctostaphylos glauca, Grows to 20 feet tall, with smooth red-brown bark.",bc2077542acd35f074cba5a2bdd7db9d
202,548,"Arctostaphylos glauca, White urn-shaped flowers hang in bunches.  Leaves have a waxy coating.",79da527b4b98d486b0b6cb2354a2d731
203,549,"Arctostaphylos glauca, Berries are sticky, with an oval shape.  Leaves are gray-green and somewhat stiff.",382f46bef966f327c26f3be8c0be223a
204,571,"Quercus kelloggii, Deciduous leaves have pointy lobes with bristles at their tips.  They're darker on top than on the bottom.",e943ce65384812354d8a931d648ac1c1
205,572,"Quercus kelloggii, In spring, early leaves are red and velvety. Catkins of male flowers hang from leaf axils , getting ready to disperse pollen on the wind.",b042dd76f9a66af2ccfa15f3c621d3c3
206,573,"Quercus kelloggii, A stout trunk supports many heavy, ascending branches.  Branches decay and hollow out, providing den and nesting sites.",156505279945e6188e042d63147a938f
207,607,"Ceanothus cuneatus var. cuneatus, Opposite leaves are short, thick and rounded.  Twigs point directly away from the stem.",5076ac5a2894b0a99fbbec4ce4a8a62c
208,608,"Ceanothus cuneatus var. cuneatus, Flowers, in five parts, are cream color.  The green dots at the base of the pistil are nectaries - a sugar bonus for pollinators.",a1bb8d87d371cf2fd56b746d898430c7
209,609,"Ceanothus cuneatus var. cuneatus, Aromatic flowers cluster in tight balls close to the stem.",8fb1f5d462233046eb49d027c68cbc09
210,616,"Navarretia nigelliformis, Low growing plant in vernal pools (covered in water in the Spring).",8dee6e28f83225d6aad8d81af85781b3
211,617,"Navarretia nigelliformis, Leaves have narrow or spike-like lobes .  Flowers are yellow with brown or purple spots in the center.",eeb5c577a00f566c7a26e5a274288933
212,618,"Navarretia nigelliformis, Grows to about 11 inches, with heads of small flowers at the end of flexible stems.",97de6981c6ee60965b42c1d98b6f7981
213,619,"Sanicula maritima, Flower head made up of many petals with tiny yellow petals.",b2cabe7fd47c516b08bc442bf60efba9
214,620,"Sanicula maritima, Leaves can grow below the flower head, or on their own stems.",f35ecb6e2fc781b0c9b7368d36706a01
215,621,"Sanicula maritima, Grows to 16 inches.  Green or yellowish leaves grow in a variety of shapes.",c8ef63a7a67205e922cb0cc7c6cf7211
216,622,"Piperia unalascensis, Orchid flowers are mostly green and give off a sweet smell at night, attracting pollinating moths.",448eee1d27f4370918712d7467b29cea
217,623,"Piperia unalascensis, Basal leaves are up to 6 inches long, fairly wide, and have parallel veins.",989f5cd7a2c8025811b78d47c506f4dc
218,624,"Piperia unalascensis, Flowers are small and form a slender column at the top of the plant.",56a7e25cb25651844f6eef2b620a6acf
219,625,"Zeltnera trichantha, Thin opposite leaves.",f824f1fcb95780966def89e10bbb4e34
220,626,"Zeltnera trichantha, Purple 5-petaled flowers growing in a small bunch at the top of stems.",1a2a18c204f08ebb1fe1a57bf454aab9
221,627,"Zeltnera trichantha, Grows to about 18 inches in alkali and salt flats.",374d1fb1e80c4ad34805f191174eda65
222,628,"Lasthenia platycarpha, A typical Goldfields flower with several wide yellow ""petals"" surrounding lots of tiny yellow disk flowers.",e4f87a1879c902fd3502ef9e66c6c65a
223,629,"Lasthenia platycarpha, 6 to 9 green phyllaries below flower end in wedge-shaped points.",9b86150a99f8cb7cf2cf64a30b0a0366
224,630,"Lasthenia platycarpha, Flower cut in half shows tan fruits connected to a green receptacle . The white is pappus and the yellow many tiny disk flowers.",cbaa4572d6e3c27821680583d7540ed4
225,631,"Camissoniopsis cheiranthifolia, Four large yellow petals.  Often with spots near the base of the petal.",d11cb1513c5963a4dafecaac0edb91e1
226,632,"Camissoniopsis cheiranthifolia, Gray-green leaves covered with short stiff hairs.",ecc4f8bf9cd21c7c9aad50385f6ac252
227,633,"Camissoniopsis cheiranthifolia, Grows along the beach surface.",3e7fcaf28df2dd74c3f2346efa253b62
228,634,"Calystegia soldanella, Flower with five pink and white fused petals, folding back at the edges.",c7ecc7cff24f17b16615379d49b0cc3c
229,635,"Calystegia soldanella, Leaves more or less circular with a notch at the stem.",f82f885965189355fbb34aa09e43dee2
230,636,"Calystegia soldanella, Found lying along sandy seashores.",b86779cfe955670c840c4e7e9ebddfd6
231,637,"Artemisia pycnocephala, Rounded, yellow flowers among a thick growth of leaves.",4f245f6f7b457d4b3291665f7ac131c2
232,638,"Artemisia pycnocephala, Leaves like fingers.",a8ee294a8b4daa5412d547225818deae
233,639,"Artemisia pycnocephala, Pale grey to white foliage with flower spikes sticking up to 4 feet tall.",f617a7fecd3c61d03c8d692d7479585a
234,640,"Arctostaphylos crustacea, Leaves are big (2"") on hairy stems.  Clusters of tiny white flowers hang below.",1e2fd8632b0c9b51a76600379fcf3a8d
235,641,"Arctostaphylos crustacea, This Manzanita has a prominent burl, which is likely to survive fire and start resprouting quickly.",ffb878ee1a424efbd1a97c9d54f115aa
236,642,"Arctostaphylos crustacea, This manzanita grows to 8 feet, and thrives in foggy conditions.",c78e523e81851471ee2b434d04e7a514
237,643,"Euonymus occidentalis var. occidentalis, Streamside shrub with compound leaves, like Elderberry.",395a82fc1a263327cec9cfbc74a577b7
238,644,"Euonymus occidentalis var. occidentalis, Tiny serrations.",46223a413699f086f81b262bf4a9b160
239,645,"Euonymus occidentalis var. occidentalis, Green stems.",b786171e5a8f120c7089267d8f31f075
240,646,"Eriogonum fasciculatum var. foliolosum, Flowers are pink and white, growing in spherical clusters at the top of stems.",6ab002cdb7a9431ea470513ce123399c
241,647,"Eriogonum fasciculatum var. foliolosum, Leaves are leathery and roll under at the edge.  The underside is wooly.",eccc77a4de54c4a25b7e4dd001ae943e
242,648,"Eriogonum fasciculatum var. foliolosum, Leaves cluster near the bottom of the stem, and flowers at the top.",a576d9e54fa6b050303d58e543140d50
243,649,"Thermopsis californica var. californica, Bright yellow pea-shaped flowers form a spike at the top of the plant.",59a422194daff0c947a90b3d0b0503cb
244,650,"Thermopsis californica var. californica, Leaflets are in 3s.  Leaves are hairy, with a pair of leaf-like stipules at their base.",bffdfd9f7a017efac8bb243e57add824
245,651,"Thermopsis californica var. californica, Spikes of yellow flowers extend above the leaves.",813ff8b1c10c5e782b4a6ab5e8c56d1c
246,652,"Extriplex californica, Small green, pink and yellow flowers bunch tightly to the stem.",2b2e2890e688d1bb74f9995ac50920c1
247,653,"Extriplex californica, Leaves to about 1 inch long, succulent, and excrete salt.",f666131ed76740208bb7d7d315951976
248,654,"Extriplex californica, Grows in salty areas, such as beaches and salt marshes.",e41f9f22df6c9ebbebb04594af7c18ba
249,655,"Suaeda californica, Lots of succulent thin pointed leaves to 1.5 inches long.",e311b8eb13333e6f7e10a924bf724dff
250,656,"Suaeda californica, Spherical green flowers at the base of the leaves.",5baa7d391ca6e37bdb26b91f2932cd6c
251,657,"Suaeda californica, Grows in a mound to two or three feet tall.",1be17085283e0ef5c98b8215eb9e158e
252,658,"Medicago sativa, Clusters of small purple pea-like flowers.",40a83472ec6305208ac65f218e75bbae
253,659,"Medicago sativa, Leaves in 3, serrated, with short petioles connecting them to the stem.",0571d3790dc8b0b784c392a386cffc76
254,660,"Medicago sativa, Grows erect.  The pea pod twists into a coil.",575688c2a9283eb80194491bac9715bb
255,769,"Viola adunca ssp. adunca, Nodding flower with violet-shaped purple petals.",a9aed69bfca1d713480c7a91eab0e3c9
256,770,"Viola adunca ssp. adunca, Lower petal has white base and purple veining.  Side petals have white hairs near the center.",46f0de797bb11100bf8699521fa310d5
257,771,"Viola adunca ssp. adunca, Leaves spade or heart shaped.",2795d61d7b3bfc9c688c1fc52d1d401f
258,778,"Dudleya cymosa ssp. cymosa, Bright red and orange flowers above a bed of succulent leaves.",36b08e203f173ec0aae9908455b5166c
259,779,"Dudleya cymosa ssp. cymosa, 5 petals at the top of a tube flower.",ddffcd643a7f1a29912103581b97acd7
260,780,"Dudleya cymosa ssp. cymosa, Found in rocky areas.",4ed06eb8ccb15e0dade4c09d7014e107
261,781,"Iris longipetala, Four outer petals are white with lavendar veins.  Inner petals are all lavendar.",7588fdbab48d32e312b2544f4aeec3cd
262,782,"Iris longipetala, Flowers are often clumped together.",0e02eea9fbaf26389c339f6b304e6840
263,783,"Iris longipetala, Plants grow in tight groups, often in bogs",ca9352418472bb8860992117364bb083
264,784,"Malacothrix clevelandii, Tiny yellow flower heads are surrounded by narrow green phyllaries and a cup of short calyculus bracts below.",52eba90f4c37257309a65b8617a30f3a
265,785,"Malacothrix clevelandii, Basal leaves and reduced stem leaves grow below a cluster of small flower heads.",4f004f1ecb0cbf6463687a1ad0564d6a
266,786,"Malacothrix clevelandii, Many thin bristles radiate out from short fruits.",f70b0e29a9e4ef6672b626206946a52f
267,787,"Petasites frigidus var. palmatus, Small white composite flowers form a dense cluster at the top of a thick stem.",d56b06dca5caf534507ffb1835ce287d
268,788,"Petasites frigidus var. palmatus, ""Colts Foot"" leaves, up to 12 inches wide, have deep-cut lobes .  The underside is white and fuzzy.",d528bda9d6c34203e09b06d2ebdbcfa1
269,789,"Petasites frigidus var. palmatus, It grows to about 20 inches on stream banks and seeps.",5a023c72d0671a71ca26fb808c5c557d
270,832,"Agoseris grandiflora var. grandiflora, This is a large Dandelion, with densely-packed ray flowers and a reddish center.  Notice the narrow lobes along the leaves.",8c3e3c4ed32868c5bc6d56aa8d489537
271,833,"Agoseris grandiflora var. grandiflora, Flowers grow at the top of unbranched stems up to 3 feet tall. Basal leaves can be up to 2 feet long.",959e3bb1f57553e6ef0c3cc51e470088
272,834,"Agoseris grandiflora var. grandiflora, Seeds connect to a flat receptacle at one end and fluffy pappus at the other.  The seed head can be 4"" across.",516e034c747912c84104e0dbf2b948b6
273,835,"Agoseris heterophylla var. cryptopleura, Yellow rays are much longer than phyllaries below.  Var. heterophylla 's rays are not.",644c3c7478488a7f3d9da96fb4ad1b94
274,836,"Agoseris heterophylla var. cryptopleura, Basal leaves grow to 6"" long and 1/2"" wide.",c02cc8bd06e123b82a584958cb2448f5
275,837,"Agoseris heterophylla var. cryptopleura, Pappus forms an open sphere.",d39a62030a670fa76188361f4d57a9c7
276,838,"Agoseris heterophylla var. heterophylla, Rays barely exceed the length of phyllaries .  Var. cryptopleura 's rays are much longer.",922e4f3119f653199a1af5cf2926c42a
277,839,"Agoseris heterophylla var. heterophylla, Basal leaves grow to 6"" long.",9eb26b488a3cbcc8d868c6bb3d67cf52
278,841,"Agoseris hirsuta, Many yellow ligulate ray flowers have flat tips.  There are no disc flowers .",e446db1b4f5c7cf38e8f0a5fb058e16b
279,842,"Agoseris hirsuta, Green or purple phyllaries are much shorter than ray flowers .",a1ddf2a9157d9b31e8b6b25ad9fff8f5
280,843,"Agoseris hirsuta, Basal Leaves are narrow, often with thin sideways lobes .  Single flowers grow at the top of an unbranching stalk.",8fc5589f142f6d6a7242dcd5d8d705da
281,844,"Agoseris retrorsa, Several ranks of woolly phyllaries support a big (1"" diameter) yellow flower head.",50c5be8329df170cc4177b5000590bd6
282,845,"Agoseris retrorsa, Basal leaves , about 8"" long, are narrow with many pairs of narrow, often backwards pointing, lobes .",f596bd2f171d6234baa85948aa7400cc
283,846,"Agoseris retrorsa, Short fruits with long beaks support lots of white pappus bristles, creating an open sphere up to 2"" in diameter.",a62d5b4599e3e4886a11ee28960ed46d
284,847,"Chondrilla juncea, 9-12 yellow rays are surrounded by narrow, long green phyllaries .",7600509091f9ca03f2e0ecbaaa7a0e99
285,848,"Chondrilla juncea, The stem has stiff down-pointing hairs near its bottom.",6232e78775dc4cc33f5022e768ce1c7f
286,849,"Chondrilla juncea, An extensive root system generates a many-branched stem with flower-heads scattered among them.",2df5949896210fa88861e320f4079e6e
287,850,"Cichorium intybus, Petals have the same flat tips and serrations as other dandelions, but are blue.",b467b45ea3e49b34d7d68cd602c1ef9c
288,851,"Cichorium intybus, Long leaf-like bracts , widely spaced.",0ca78458177b68d4e55a0ec8604024d8
289,852,"Cichorium intybus, Dandelion-like leaves.  Flowers emerge from along the stem as well as at the top.",ee0e87bd26033821bc565b5d5634e377
290,853,"Crepis bursifolia, Two rows of green phyllaries support about 50 yellow rays .",a6d8593bc71ec30ffc95a2e5347bb0c9
291,854,"Crepis bursifolia, Basal leaves have many lateral lobes and one bigger terminal lobe.  Stem leaves smaller.",00200f37abfdd2319034b1dc9769c3d9
292,855,"Crepis bursifolia, Each 1/4"" fruit ends in a 1/2"" beak which supports an inverted cone of  white bristly pappus .",5c03f8b111432e54d8d0455447d1b20d
293,856,"Crepis vesicaria ssp. taraxacifolia, Beaked Hawksbeard has 10 to 20 dandelion heads, each at the top of its own branch.",fec35256df71dcb0264991d47261560b
294,857,"Crepis vesicaria ssp. taraxacifolia, It does well in disturbed soil and is common along roadsides and paths.",97f7003e3a5bf82ec901d231db3391c7
295,858,"Crepis vesicaria ssp. taraxacifolia, Basal leaves are deeply lobed , with a large lobe at the tip.  The hollow stem is ribbed, helping it stand erect",b6c446adc583c81108b79ca36838aa9f
296,859,"Hedypnois rhagadioloides, Many small dandelion flowers at the end of often limp stems.",48e5dd0e2ac58c4f45ace2261e6ebb60
297,860,"Hedypnois rhagadioloides, Leaves are deep cut, like Common Dandelion, but with bristles.",9ca247b4ad5864c09f41b764642179f7
298,861,"Hedypnois rhagadioloides, Seeds have short, scaly pappus . Phyllaries open up, curve inward, and become woody.",a15de473eeeac588b9863f55a582f254
299,865,"Hieracium albiflorum, Look for several rows of white ""petals"" with flat serrated tips.  Note the yellow stamens.",8e71adb41b1bfc445cbfe8c7cb98c2a1
300,866,"Hieracium albiflorum, Hairy basal leaves are 3 to 6 inches long.",03e39ce39013e27ca7765f66c6339086
301,867,"Hieracium albiflorum, This hawkweed has many branching flower heads at the top of a single stem.",777f8271e2ad6037bb08b825fc8ef908
302,868,"Hypochaeris glabra, Red-tipped leaf-like phyllaries in several layers below the flower.",0d4d0f0a87bf7333e35c10d91c231ff8
303,869,"Hypochaeris glabra, Basal leaves are smooth, as opposed to that of Hairy Cat's Ear.",22515c501c6370370967e15a44c7ae54
304,870,"Hypochaeris glabra, Grows in dense patches.",4ea26b350081470c168ad69f645bfea9
305,871,"Hypochaeris radicata, This dandelion-like flower is at the top of leafless, branching stems, 1 or 2 feet tall.",567f03175c786bcb52028d53e216d984
306,872,"Hypochaeris radicata, Basal leaves have large, uneven ""bites"" taken out of them.",60162dcd46987a7e08b28bdd7bd428be
307,873,"Hypochaeris radicata, Stems are tall, and branching.",5ad4d5772b3a708a1c6e407b908acc9a
308,874,"Lactuca saligna, Heads with several yellow ligulate ray flowers grow along the stem.",39d64025bb53816e8f3f9ec6e5d99d87
309,875,"Lactuca saligna, Stem leaves are quite narrow.  There are no basal leaves .",e4590099f24ac2167340b2164e5550b7
310,876,"Lactuca saligna, Gives the appearance of a narrow flower with leaves an flowers close to the stem.",4ae468daabb2c4e5d93c5df4eefbfb8e
311,877,"Lactuca serriola, Flowers are 1/2 inch across, with several layers of green[phyllaries]] behind them.",9667d6ce4123cc271ab79093f1b5c8e9
312,878,"Lactuca serriola, Leaves are large at the bottom, with fine spines along the vein and edges.",3d76f76c2c27f7a18af68c1339d16d9a
313,879,"Lactuca serriola, Seeds are fairly flat and brownish-grey.  Each connects to a beak that ends in a tuft .",a0f8b1a97376f5ce8bab3822f68ca0dc
314,880,"Lactuca virosa, Yellow dandelion flower heads of about 15 rays appear on short stalks near the top of tis tall plant.",39f2ca87b9e0cd3edb0438e0e200198c
315,881,"Lactuca virosa, Stem leaves are fairly wide, with sharp-toothed edges.  The underside of the central vein is often spiny, as shown here.",e538dd2a34177bec60fef6175551f641
316,882,"Lactuca virosa, If all the ray florets are pollinated, about 15 fruits grow a beak that connects to wide-spread white pappus .",fca92e785fc11af260cf9e2cb1560a28
317,883,"Malacothrix californica, Red streaks decorate the back of yellow rays .  Green phyllaries are in two layers, the outer much shorter and with long tangled hairs.",735d5010f34ac51bab574971ed3fcf49
318,884,"Malacothrix californica, Outer rays are lighter in color and longer than others. Basal leaves are narrow and have long woolly hairs at their base.",9b3d2358171e51bfd2e6ef6ff467eb4a
319,885,"Malacothrix californica, Pappus is a brush shape of fine white bristles.  Outer fruits have a shorter pappus.",5aa4f296823cc2c892b4de1c3db61176
320,889,"Malacothrix coulteri, Like other Malcothrix , outer rays are longer than inner ones, forming a distinctive look.",7dda5496ce9ac7beb0c3b5eac7aa257c
321,890,"Malacothrix coulteri, The flower head base is spherical, with many layers of overlapping short phyllaries , each with red center stripe.",a5fe5f35b21301eaaec4d743b1ac9b32
322,891,"Malacothrix coulteri, The pappus makes a thick brush of fine bristles of varying length.  Leaves are pointed and clasp the stem.",3c9dcff5cc46e3ceb7c79c8ade8a21a4
323,892,"Malacothrix floccifera, A 1/2"" flower head generally has white rays , often with a yellow center.  The back of the rays is often lavender.",e9867ffdb79dd00b63a3bb90afbe8674
324,893,"Malacothrix floccifera, Leaves are woolly, with 4-6 pairs of roughly equal lobes .",06a2084240d0318bd1ca00c700b09a0c
325,894,"Malacothrix floccifera, Pappus is a brush shape of fine white bristles.  Outer fruits have no pappus.",3cd417b70cfbc24f80d877bf5c3f2882
326,895,"Microseris acuminata, A yellow flower head is surrounded by long, pointed inner phyllaries and very short, triangular outer phyllaries .",84a75d1382359ac147e7bd4f590a8b69
327,896,"Microseris acuminata, Basal leaves are narrow, often with narrow sideways lobes .",29d5172006db6acde0a7faa34a7b17c5
328,897,"Microseris acuminata, Needle Microseris has a distinctive seed head featuring long fruits and long, tapering scales tipped with bristles.",bde9d73a380bb2297baf158e00d470e2
329,898,"Microseris bigelovii, Rays may be yellow, orange, or a combination.  Green phyllaries are often purple tinged.",a26e2656901e877c64a1587461e55642
330,899,"Microseris bigelovii, Long basal leaves form a rosette .  They have narrow, opposite, sideways lobes .",b853ed26b60390e17d3e1ad2d6081a99
331,900,"Microseris bigelovii, Each seed connects to several triangular scales that are tipped by a bristle, making a papery starburst.",fc108deab486ab3f923f6951c6d7fa75
332,901,"Microseris campestris, Yellow rays and underlying (often purple) phyllaries are about the same length.",76d8abb9ba80f48711bc69be7f77a82e
333,902,"Microseris campestris, Basal leaves are narrow, with pinnate , pointed lobes .",fcb9bc2cfb9807abeb7d3ae58b86aa7a
334,903,"Microseris campestris, Pappus is a 1"" dia. papery starburst of scales tipped with long bristles.",c15a05732d74e5a0814502fd314f607d
335,904,"Microseris douglasii ssp. douglasii, Much smaller than most other dandelions, it grows to about 6 inches tall.",85f470588b15b9be6696947989385498
336,905,"Microseris douglasii ssp. douglasii, Notice the long single layer of green phyllaries wrapping the base of the flower.",fc9e1ff03fa45e6d1713c340b95b87da
337,906,"Microseris douglasii ssp. douglasii, Basal leaves are long, but vary in shape.",23e147614700903d5d1c7596706f8125
338,907,"Microseris douglasii ssp. tenella, A yellow or white flower head of many rays sits atop a bare stem. Basal leaves are narrow and rise from the ground.",876c9c1ffb0ab494fb91aa424af62f28
339,908,"Microseris douglasii ssp. tenella, Pappus forms an open sphere.  Unlike most Microseris , you hardly notice the papery scales.",11fec88de1576f5a7be782dd17363c01
340,909,"Microseris douglasii ssp. tenella, A 1/4"" long fruit has a tiny (1/25"") scale tipped with 1/4"" bristles.  Fruit tapers at the end.",898d702501eeeb4efa546f6d2f057348
341,910,"Microseris elegans, Elegant Sliverpuffs has a rosette of basal leaves but no stem leaves.",c379c546ce2b9992033bdbe1661a2ecd
342,911,"Microseris elegans, Each pollinated ray flower develops a brown fruit tipped with a spiky pappus.",5915bd5ef17dbf6b9d72ea48ba0e2278
343,912,"Microseris elegans, Similar to Short-Scaled Microseris, fruits support 5 tiny scales tipped with longer bristles.",ba9e26c9adc60f0b5699123b6dae0737
344,913,"Microseris sylvatica, Yellow rays are much longer than green phyllaries .  An outer layer of phyllaries is shorter, triangular, and becomes recurved.",5c48cf34e8346ac8099de5ab0d238c5e
345,914,"Microseris sylvatica, Leaves are long (4-14""), basal , and, in some cases, along the stem.",5ee84369efbc8833059cc10fa975005d
346,915,"Microseris sylvatica, Pappus is a large papery starburst, 1-2"" dia.",d2d9953971dfb0b58c894a0900d8e864
347,916,"Rafinesquia californica, About 20 rays form this white flower head which often shows a yellow center.  When it goes to seed it forms an open, fluffy sphere.",641ad79265b059985cce442195e6f56f
348,917,"Rafinesquia californica, Below the head, ray flowers are purple marked.  Long, pointed phyllaries are surrounded by a calyculus of short triangular bracts.",7b0dfdd5ee6a68f24e157a2c15c13e30
349,918,"Rafinesquia californica, Greyish green leaves have irregular lobes .  A few smaller, clasping leaves decorate the stem, which branches to several single flower heads at the top.",477fabc0507f3c2471f37e291d541951
350,919,"Sonchus asper ssp. asper, Sow Thistle has distinctive, long-spined leaves that wrap around the stem in a curlicue.",7e9bca00c8357ec1dca5aaa4c3fdc425
351,920,"Sonchus asper ssp. asper, Flower heads bulge at the base, like a vase.",daccb73b2242267ae82065e0719fa730
352,921,"Sonchus asper ssp. asper, Sow Thistle has a thick, red stem, grows to over 3 feet tall, and branches to many flower heads at the top.",2ec377cb30c4a616de1db6b84b944348
353,922,"Sonchus oleraceus, Several yellow dandelion-like flower heads connect to the top of the stem.  The flower head base is vase shaped, with a wide bottom.",4e766934554ce086cd237ff15c89b54c
354,923,"Sonchus oleraceus, Leaves are deeply lobed with small teeth at the margins.  They often end in a large arrowhead shape.",2b472c0bd47977bc21c9bda489164e26
355,924,"Sonchus oleraceus, After pollination, brown seeds mature on the flower head base and grow inverted cones of white bristles to help them fly away when they're mature.",c0186e2c6b23a5113057befb75377a61
356,925,"Stebbinsoseris heterocarpa, White or yellow dandelion heads are small, about 1/2"" across.  Each head sits atop a bare stem.",1359545573dc66af9aaade281890e4ac
357,926,"Stebbinsoseris heterocarpa, Basal leaves are linear, with thin, opposite lobes .",447aad03431e2ddeb7bad9fe44e6d586
358,927,"Stebbinsoseris heterocarpa, A pappus of scales connects to the fruit at one end and a bristle on the other.  It looks like a papery starburst.",584719444cf6ddb0a0a8f9483a4095db
359,928,"Stephanomeria elata, Pink dandelion flower heads of about 6 rays connect directly to the stem.",ff75e2bfafd5bfdf10a1dd2cab5a5a54
360,929,"Stephanomeria elata, Basal leaves are fairly narrow.  Stem leaves are tiny and easy to miss.",7e1fd0b4b44141500c16f61c8177e949
361,930,"Stephanomeria elata, A cluster of plumose bristles grow from the tip of each fruit, creating a parachute to transport the seed when it's mature.",a65712e62fa07af0d462634423248018
362,931,"Stephanomeria exigua, A handful of white to pink rays are surrounded by an inner row of long, pointed phyllaries and an outer row of quite short phyllaries.",ab0943d4fe780761750c959f4c67bb8e
363,932,"Stephanomeria exigua, Stem is wiry, often with spreading branches.  Flower heads grow near stem or in a branched array near the top of the plant.",9afa472da294250ea34b530c1a8e0b9a
364,933,"Stephanomeria exigua, Few rays lead to few fruits and pappus parachutes, giving an open, bushy appearance.",2c3ff88d29bea18ece72a5a5f9fee380
365,934,"Stephanomeria virgata ssp. pleurocarpa, Flower heads grow along stiff, vertical branches.  Although a dandelion, there are only a handful of rays .",abd5ec58e1dbb00edb75398d7c4265a3
366,935,"Stephanomeria virgata ssp. pleurocarpa, In this subspecies, green phyllaries are appressed.  In ssp. virgata phyllaries are reflexed.",5c6dae16a7dad03a38ed5096b1707468
367,936,"Stephanomeria virgata ssp. pleurocarpa, Each brown fruit grows a shock of plumose bristles to help the mature seed float away on the wind.",b90eb04708844d35909f69ca8db1b4f2
368,937,"Taraxacum officinale, Here's the yellow dandelion head we all know.  Below are green phyllaries that point downward.",d2fce329f6da83030e10bbd423366555
369,938,"Taraxacum officinale, Leaves have irregular, backwards-pointing lobes .",58406e4d49610dfa3d393cfd28900d2d
370,939,"Taraxacum officinale, Brown fruits are attached to a white oval receptacle at one end and grow a white beak at the other end.  The beak attaches to many bristles , forming a parachute that carries the seed when it's mature.",fbcb4836b88af71e341b2b4ef9ba0645
371,940,"Tragopogon porrifolius, Purple dandelion ray flowers are framed by several narrow, pointed, green phyllaries.",1efcdd760c5239d7c52dad7913acfee5
372,941,"Tragopogon porrifolius, A large sphere of pappus surrounds mature fruits.",87005d7eefc1d26245a9c91b6ae86b1e
373,942,"Tragopogon porrifolius, Leaves are quite long, grasslike, and wrap around the stem.",712dcc26b71e84c4841c85572ae1d599
374,943,"Uropappus lindleyi, A small yellow flower head is nestled inside long, narrow, pointed, green phyllaries .",c4efdfa553974842118d8f9565d2c1aa
375,944,"Uropappus lindleyi, Erect Stem to two feet with a single flower at the top.  Long narrow basal leaves.",003da4ac5cd813d7c952f0bac5d26a09
376,945,"Uropappus lindleyi, Rather than hairy bristles common on pappus , each fruit grows 5 papery scales to help it float away on the wind.",21de5e2b3b18a1d4a2ae41be918ff0c2
377,949,"Arundo donax, Giant Reed is distinctive, growing to 30 feet on bamboo-like stems.  It has a silvery, hairy plume at the top.",52c042ee065b2d4ca7fb3b64defe5e89
378,950,"Arundo donax, The stem is bamboo-like and is used to make structures, mats, and reeds for woodwind instruments.",bd5355f0a22b4ba97ffcd18a1dca152d
379,951,"Arundo donax, Leaf blades can grow many feet long.  They're flat or folded, with rough margins.",bc3d81e69b49635680ca50b5e02f59ad
380,952,"Vicia gigantea, Pea flowers (under 1"" long) all hang off the same side of the flower stalk.  Black pea pods.",e5828ed5692b68148fd167dafa147871
381,953,"Vicia gigantea, Compound leaves are alternate and smooth-edged, with each leaflet about 1"" long.",92b80d87f7a54c1fe2efdf632840fb1a
382,954,"Vicia gigantea, Pea pods are over 1"" long and turn black when mature.",30bbea83badd5d5b8884748bb234e223
383,955,"Elymus condensatus, The inflorescence starts as a tight cylinder but opens up with branches, especially towards the bottom.",2e88af75242ae40805373f08383e7d98
384,956,"Elymus condensatus, Stems are thick, to 1/2"" across.  5 to 35 spikelets grow out of each stem node .",8b545d1c1d3a2dcd1953fde919ad3306
385,957,"Elymus condensatus, This is a tall rye.  Leaf blades have strong veins and grow to 1"" wide and 24"" long.  The top surface is smooth and the bottom rough.",b1e0d1e63dce4e4ae2272d2a754ea6bb
386,958,"Pentagramma triangularis, The broad triangle shape is rounded with two smaller segments that point down.",1a1b42e86de2c23dfa7831ebe09b281d
387,959,"Pentagramma triangularis, The back of the fern is quite pale, often covered with a gold dusty substance that inhibits moisture loss.",e6a24b13c8c44c37bb1a4decdd2fbb3a
388,960,"Pentagramma triangularis, Each frond grows on a dark-brown shiny stalk, generally 8 - 12 inches long.",99f078be13d4e9bb001218cad8fd9e52
389,961,"Heterotheca sessiliflora, Bright yellow, narrow ray flowers generally have space between them.  The center is tight with 30-50 disc flowers .",ad11a8ec35b5c8e677aec4f52d84a159
390,962,"Heterotheca sessiliflora, Leaves get small near the top.  Several rows of phyllaries surround the flower head.  Leaves and phyllaries are covered with strong-smelling glandular hairs.",79ca3aef12b288c64e538bd865de4fef
391,963,"Heterotheca sessiliflora, Several bristly branches stand erect, branching into a flowering canopy at the top.",8590c396c7682ff857b5e38d1e8534e0
392,964,"Eriophyllum confertiflorum, Golden Yarrow has clusters of yellow aster flowerheads at the tip of stems covered with feathery leaves.",2b777738f57b5655ffd39a9a2432ab21
393,965,"Eriophyllum confertiflorum, Each flower head has several ray florets surrounding a half-sphere of tiny disc florets .",e081bec676f19d279610be2a6459c359
394,966,"Eriophyllum confertiflorum, Leaves are quite narrow, making a thready appearance.",45243c6f47ba0c5d8bfc8b15c1cccabf
395,967,"Lamarckia aurea, This grass is short and has distinctive, fluffy-looking, yellow or purple flowerheads. Leaves are about 3"" long and flat.",414b0fa5549a59d123b2a8ffb06d390b
396,968,"Lamarckia aurea, Spikelets tend to stay on one side of the stem.  Woven florets are infertile.  1/4"" awns come from fertile florets.",bec9aafaba8dc2f1d696ba355f41e2e9
397,969,"Lamarckia aurea, Inflorescences are shorter than your finger.  They can be purple or pale, golden yellow.",727a04038bf5ab2ad170e489df86a8c1
398,970,"Lasthenia californica, 6 - 13 bright yellow petal-like ray flowers surround numerous tiny disk flowers .  Each disk flower has nectar to attract pollinators.",11390d08966dfdae5221c89358a223d5
399,971,"Lasthenia californica, Opposite leaves are narrow, sometimes with shallow lobes .  Solitary flowerheads grow at the tips of stems and side branches.",d3f002894ee199f3a315ecde2532a1cb
400,972,"Lasthenia californica, Goldfields make quite a display, living up to their name.",921c535d19777525dedc314c0ca491a4
401,973,"Pinus sabiniana, Pale gray-green needles grouped in 3s are 8"" to 12"" long.",5622fadfd30476a7886708dde8c2bf90
402,974,"Pinus sabiniana, A heavy cone with upturned scales grows to 13 inches.",816683048c12d52112db973d5264c844
403,975,"Pinus sabiniana, Does well in dry areas and is widespread in the Sierras and California foothills.",5e539794d573c70ee6e8d21f602d2d31
404,976,"Grindelia camporum, About 30 yellow petals, with a yellow center.  Flower is fairly big - 1 to 3 inches across.",aa90531503567f0ecd76e033faf34700
405,977,"Grindelia camporum, Center of flower often filled with resin.  Note the reflexed green phyllaries.",5387887d93f8a219405fee269511d8db
406,978,"Grindelia camporum, Leaves are stiff, but not fleshy.",03fea8011c49649d2452bf5747bcda30
407,979,"Grindelia hirsutula, Flowerheads, up to 2 inches across, show many wide ray flowers and many central disk flowers .",19145ad20bd7564baaf54b70ccf0514b
408,980,"Grindelia hirsutula, Hairy Gumweed grows several feet tall, with showy yellow flowerheads.  Early flowerheads show a white gummy resin.",53db515edd20cafbefeca150b99f96f7
409,981,"Grindelia hirsutula, Below the flowerhead is a green spherical collection of overlapping phyllaries with reflexed tips.",a6b155017baa7cba41ca05dd6f72d5e7
410,985,"Vicia villosa, This vetch has many large, hanging, pea flowers.  Colors vary from purples to pinks to white.",f9fab963495c8e0af760d1ecbb865f97
411,986,"Vicia villosa, Flowers are tubular, ending in a pea-flower shape.  The deep colors catch your eye.",a2b72d117f3dd0e913d0bfc9374507a2
412,987,"Vicia villosa, Winter vetch is a vine, draping itself over adjacent plants.",595b39a00441b5c931157efdd67b0b18
413,988,"Luzula comosa var. comosa, This variety has long bracts that extend beyond the flower cluster.",2639c795f4dee20a7185ca72a2f50eb1
414,989,"Luzula comosa var. comosa, Like all Luzula rushes , leaves are flat and have long, soft, wavy hairs (thus Hairy Wood Rush).",bd62ece6d56086439224fea789062e0c
415,990,"Luzula comosa var. comosa, Stems are solid (unlike hollow grass stems).  They start out erect but can bend over from the weight of their flowers.",8333ef0e62a8c3db0f23205e889e0c6b
416,991,"Phalaris aquatica, A dense cylinder of pale spikelets rises 2-6"", and is less than 1"" wide.  They're smooth to the touch.",1cd5aee928e05dfc0b216b9653054930
417,992,"Phalaris aquatica, Although the inflorescence looks like a spike , spikelets are connected on short stalks and have flat, reflective glumes .",89b63d005ad5a52c7832bf3f344b32e0
418,993,"Phalaris aquatica, Leaves are grey-green and droop at their ends.  Although impressive to look at, Harding Grass lives many years and is a troublesome weed, invading grasslands and disturbed areas.",c58bb014d426667209fcdca4d3c7ceb6
419,994,"Stachys ajugoides, Pink whorls of flowers mature from the bottom up.",fca01cfc77512c7a4f12e95daddbdb77
420,995,"Stachys ajugoides, A mint flower, with two upper lips and a tongue-like lower lip.",84989bfe64a578c238b5a6578fd30a7f
421,996,"Stachys ajugoides, Whorls of flowers near the top.  Opposite leaves below.",d9775b9c5e8aad503d108d5d6278ee4e
422,997,"Stachys rigida var. rigida, Flowers form in whorls around the upper stem, just above hairy opposite leaves.  The stem is square and also hairy.",38f7ed861b203e7156e4212107d5c1f2
423,998,"Stachys rigida var. rigida, Flowers are pale pink with dark pink lines.  The upper lip is straight and the lower lip is bent back 90 degrees.",6ef0b682318127bc4d874a084f1e07e5
424,999,"Stachys rigida var. rigida, Opposite leaves are thick and hairy and smell like mint when rubbed.  Leaf edges are serrated (and sometimes purple).",b01e9a7b3e33ebf4e5c0b3b1a9be299b
425,1000,"Ribes californicum var. californicum, A gorgeous hanging flower, with reflexed sepals , white petals, longer stamens and even longer pistils .",205ba454cea5cd9c1f8b9c35e5723efe
426,1001,"Ribes californicum var. californicum, Woody stems have 3 spines at each node .  Also emerging from each node are leaf, flower and fruit stalks.",370008843ab289687377838456555377
427,1002,"Ribes californicum var. californicum, Fruits are translucent red spheres surrounded with spines .",005dfa30e7224643cc1710b81b209908
428,1003,"Lithophragma heterophyllum, Tiny white flowers with 3-pointed petals grow on an erect stalk.  Roundish lobed leaves grow below.",1c4fe146ca99f8634e14f08789b9dafb
429,1004,"Lithophragma heterophyllum, Each petal has a main point and two side points (sometimes more).",320658786aedde888cc7d5d9cacf3526
430,1005,"Lithophragma heterophyllum, Flowers are bell shaped, with the base covered by green or red sepals .",15dfa2a145f43d69b6c028a4fdd4216f
431,1006,"Rubus armeniacus, Flowers are about 1 inch wide, with 5 petals and many dark-tipped stamens.  Stout prickles .",4b26f53a5cd34168f7380fdca7ca08b6
432,1007,"Rubus armeniacus, Leaves are in patterns of 5 the first year, and in groups of 3 on second year side branches.",cbe2f4b6322bc70e9ca0db35714dc079
433,1008,"Rubus armeniacus, Stout prickles are spaced out on a thick (up to 1 inch wide) cane.  (Native blackberry has smaller prickles, closer together).",b4516266887697f303c8bf7273d1fe15
434,1009,"Trifolium campestre, Notice that older flowers turn brown and droop downward.",a1cb342f11842c9c79b557a16ec69854
435,1010,"Trifolium campestre, Some leaves grow very near the flower.",1b9da7b0d7ad45c058ffb496ab62f191
436,1011,"Trifolium campestre, Full-looking flower heads, with more than 20 flowers in each.",bfd03427134ef0683a94cad8521d0ce2
437,1012,"Marrubium vulgare, Little white mint flowers grow in whorls above a cluster of spines. The spines protect the delicate flowers from herbivores.",e9bcec5a14aeab4a271eb7268cec0dc9
438,1013,"Marrubium vulgare, Opposite leaves are pale and fuzzy, with a deeply wrinkled surface",ce12b311b082bf47427a13912af57e91
439,1014,"Marrubium vulgare, Horehound grows erect in clumps in disturbed soil, often at the side of trails.",8c8d5c4708c63e0c13d81b06576004c9
440,1015,"Erigeron canadensis, Neat phyllaries surround an aster-like flower head - a sign of a fleabane.",c0f1c4277582726bd97bb482cffd4231
441,1016,"Erigeron canadensis, Alternate leaves 4 inches long and 1/2"" wide.",2e16eeb5bd8af3baa410ae150be8eef9
442,1017,"Erigeron canadensis, Wide distinctive inflorescence with hundreds of composite flowers, growing to about 5 feet tall.",7e658ebb73b932cc7a71b64698e4443b
443,1018,"Adelinia grandis, Leaves are large, wide and long, like a hound's tongue.  Flowers appear in a loose cluster at the top of an erect stem.",49641a82326dac56c3e92bf2b5cd56b1
444,1019,"Adelinia grandis, Flowers have 5 blue petals that surround 5 white nectaries .  They look similar to Forget-Me-Not, whose central appendages are yellow.",13433bd95d5f4637db29fb7a73ebf034
445,1020,"Adelinia grandis, Tiny nutlets grow in groups of 4, although they may not all develop.  They're covered in hooks to cling to passing animals.",1794fe8052d32451ddb59bb09b5e4999
446,1021,"Trifolium albopurpureum, Leaf-like green sepals surround purple and white petals.",ec57cba65677d9b848c9a441276f56f7
447,1022,"Trifolium albopurpureum, Flowers and leaf stems can be 2 inches long, off the main stem.",60bc38f270df71f8dbac44282fd9da7b
448,1023,"Trifolium albopurpureum, Flowers and leaves are small.",e8bf7ff11e0ea3afa0740bd179b79603
449,1024,"Silene laciniata ssp. californica, Five brilliant red petals are deeply cut about 4 lobes , as if they'd been cut with pinking shears.",61489b457549e0f4a10605c2c9e5ab71
450,1025,"Silene laciniata ssp. californica, California Pink is low and spreading, with bright-red flowers standing up.",f387d83968be3bedc952f2728f24c851
451,1026,"Silene laciniata ssp. californica, Leaves are narrow and opposite .  Flowers sit at the top of stems. Stamens and styles point upwards.",622b48c2128980e3d2692269715535a8
452,1027,"Pedicularis densiflora, This plant is an early springtime bloomer, finishing flowering before the trees above it grow their new leaves.",336a76e18f6116f3821d6fefa7f4ebdb
453,1028,"Pedicularis densiflora, Leaves are fern-like and alternate.  Yellow flower centers on a red background act as targets for pollinators.",6f3e47eaf53adb67b554796d148e03f9
454,1029,"Pedicularis densiflora, 1) Large upper lip.  2) Small white-tipped under lip. 3) Red leaf-like bracts .",6d773f60e04cf6b9fdfba23f6ed723ea
455,1030,"Quercus berberidifolia, Leaves are fairly short, about 1 inch long.  They have holly-like toothed margins.",afc8727c4bca80cb3b69730b6df11d59
456,1031,"Quercus berberidifolia, The top surface has a polished appearance. The underside is pale and has short hairs. Veins run to the ends of the spiny teeth.",e854dc87841f856e4166b7c8db6fc7f0
457,1032,"Quercus berberidifolia, An egg-shaped acorn sits in a short, warty acorn cap.",ee542bb0d96861250deaebac993578e8
458,1033,"Juncus xiphioides, An open inflorescence , several inches tall, graces the top of the stem.  A green inflorescence bract extends beyond the top of the stem.",95729b72ba2f5208a26cd1d570b979a4
459,1034,"Juncus xiphioides, Like all rushes , it has small, 6-part flowers.  They're green, red or brown.  Several clusters of 3-10 flowers are separated by branched flower stalks.",8f76d0d1f7bc725faca42aa4df011c5a
460,1035,"Juncus xiphioides, Leaves start flat against each other, like iris leaves.  They rise about a foot, with their edges pointing toward the stem.",6e758fc0ad4fe7466c3628e63c4cac5b
461,1036,"Festuca perennis, This grass stands erect and has spikelets alternating up the stem, 2-ranked .",8842c8cc9c3e2785fd39c504e8c04cce
462,1037,"Festuca perennis, Notice how each spikelet fits in an indentation in the stem. Mature anthers show here, spreading their pollen on the wind.",e00dc317069fba39bddb2d648a7bfb31
463,1038,"Festuca perennis, Spikelets have quite a few florets . Awn length varies - long here and absent in the previous picture.",700968c74cf7c97a86e745957bbb3dd6
464,1039,"Carduus pycnocephalus, Leaves are fairly flat with spiny, wavy margins.",72be2b454dc066cd70e91224094f7046
465,1040,"Carduus pycnocephalus, Stems have spiny wings along their length.",eccea601b8dec865567ea9611071ba87
466,1041,"Carduus pycnocephalus, Italian Thistles produce hundreds of seeds which grow readily in grasslands, often outcompeting native grasses.",b58ab37fdb3c7c391aaeb4cb4e966475
467,1042,"Triteleia laxa, 6 stamens have blue anthers .  Petal-like tepals show a darker central vein.",32c25b6209ee3fac6566e70ad22199ef
468,1043,"Triteleia laxa, Flowers stalks are fairly long (to 3"").  The similar-looking Blue Dicks has flowers clustered tightly together.",2548cd3f0463cfb20d93326541e99ef8
469,1044,"Triteleia laxa, The inflorescence is an umbel , with flower stalks like the spokes of an umbrella.",9b4084e6ac88893183133ac39c058bd4
470,1045,"Pseudognaphalium luteoalbum, Flowers bunched together with pink or red centers",c722db37b65948eb769bcf560ed663d2
471,1046,"Pseudognaphalium luteoalbum, Woolly leaves",2647b1fb5e859a82de77aaae62bbf6e3
472,1047,"Pseudognaphalium luteoalbum, Grows erect in clusters.",57e3efa551c5d97a268fa3df879e4099
473,1054,"Salsola soda, Fleshy thin leaves.",05fcd81b15b2f18b0f0eadcaa77204c1
474,1055,"Salsola soda, Green or red stems.",fe436d9563b71f99afb75c704e4c617e
475,1056,"Salsola soda, Grows to a bit over 2 feet tall, generally in wet areas.",83cb9836ac728fd1f3257b9888dee8d7
476,1132,"Micranthes californica, Five white petals, red-tipped stamens, green center.",7418e8d607e9cea2d441203937f3e670
477,1133,"Micranthes californica, Basal leaves have stems, or oval, and often have teeth or lobes.",6487759aa37bde12d3825195c8e4f006
478,1134,"Micranthes californica, Plant is about 1 foot tall, with basal leaves and flowers at the top.",4a58dbe6e4167b2a6207ce287c077ef0
479,1207,"Solanum nigrum, Petals recurve back, highlighting the yellow center.  This is a pattern for all nightshades.",9c97b9d1c576a02aaab04a177bce17ae
480,1208,"Solanum nigrum, Flowers are in small groups, each at the end of its own stalk ( pedicel ).",cd5c16b0cd8d52e0eba6ea775fa4c71b
481,1209,"Solanum nigrum, These immature berries will turn red and then black as they mature.",4a1085433b2d31131e4c83989843d20a
482,1459,"Sabulina pusilla, Tiny flower has white petals separated by green sepals .  Sometimes the white petals are missing.",b40d6e505739229089119307f4bc1e0b
483,1460,"Sabulina pusilla, Flower at the end of the stem, with a green and white center.",5e448ac8dd50ef93c46a30cccb970f44
484,1461,"Sabulina pusilla, This tiny plant is only 2 inches tall.  Leaves are short and thin.",1e291c1c76d09a07feed8d6b7f9e826e
485,1474,"Cryptantha flaccida, This small annual flower has several spikes of tiny flowers at the top of the stem.",bb9887e2f68308c99949d8fb62bc89f0
486,1475,"Cryptantha flaccida, Flowers have 5 white petals around a central cavity that contains a nutlet.",25c8c2665b3af60c9459cbf91563a030
487,1476,"Cryptantha flaccida, The petals and nutlet are protected by green, hairy bracts .",999468336b099049bbeb6e052c4b3900
488,1483,"Carex serratodens, The female pistil is protected by a hard, green perigynium .  Male anthers form a separate cluster, above.",91d86a00be51431a8873dae04b91b59a
489,1484,"Carex serratodens, The fruit develops inside the perigynium with the stigma lobes remaining, looking like 2 teeth - thus the name.",bf22d7e6061178807ca5242a43eb953a
490,1485,"Carex serratodens, Leaves and stem are blue-green.  Always found near water.",24aacf122be86f1fcb66c41ccdc4e3b4
491,1504,"Lewisia rediviva var. rediviva, Many pink petals, paler in the center.  Lots of yellow-tipped stamens and a pale pink pistil .",88f6e1de65250f20874b2da450beda06
492,1505,"Lewisia rediviva var. rediviva, Stems are short.  Below the petals are 6-9 oval sepals .",d39abb9227e9ca593f6ed25b4c95859c
493,1506,"Lewisia rediviva var. rediviva, Basal leaves are bean shaped, and form a rosette under this low-growing plant.",2b33ad682bc6b02b4f1baf58305251fa
494,1750,"Eschscholzia californica, Thin orange petals overlap each other.  Notice the sheath covering the young bud.  Petals close at night and open in the morning.",60bdd5dc96638994d5994502c1527c56
495,1751,"Eschscholzia californica, Leaves are grey-green and are much divided.  The round flat base just below the petals is distinctive and edged in rose-pink.",0cf9e73ae0bc8a3cc7c4bf4fe12ad338
496,1752,"Eschscholzia californica, Across the state, California Poppies fill grassy areas with an orange display from April to July.",417050b3677ef7aa58475fd154546bde
497,1753,"Artemisia californica, Sagebrush starts branching right at the ground, creating a thick dome shape.",02446681166158cb0a82404306bf2685
498,1754,"Artemisia californica, Leaves are very narrow and aromatic.  Super tiny flowers cluster in a bowl of phyllaries .",da51f88cd956c9898322dfa3b5dbf49f
499,1755,"Artemisia californica, Sagebrush is often paler than the vegetation around it.",68ff6912e53b9a853cd4d0d2a1ef2e1a
500,1870,"Trifolium hybridum, A traditional spherical clover flower head, in pink and white, turning brown with age.",e90fe4e176956c30ce1d7871a3120fbd
501,1871,"Trifolium hybridum, Leaves in 3s, with no markings.  Tiny serrations along the edge.",8559b181ce3e63ca99d02f17eea5923e
502,1872,"Trifolium hybridum, Flowers are on long stalks ( pedicels ).  The plant can grow over 1 foot tall.",33bc81b5296f1f37b0f1d4bfb2a5dc2a
503,1885,"Agoseris grandiflora, Many (over 100) ray flowers are densely packed. Stamen columns are often reddish brown.",4194fe7af1b22e8f2be5e0a7effa727d
504,1886,"Agoseris grandiflora, Several layers of red-purple rounded leaf-like phyllaries surround the flower.  Note the white soft hair at the base.",2e2970248f623794b95ffdbab062b4c0
505,1887,"Agoseris grandiflora, Seeds connect to a flat receptacle . Long white beaks end in tufts to form a big, fluffy sphere, reaching 2"" in diameter.",60e03242329eadf43175b7da0b7efbb4
506,1888,"Pellaea mucronata, Leaflets are separate from each other, and curled under along the edges.",a0de0f1b18a7494f2229af1b93a73e7c
507,1889,"Pellaea mucronata, Underside of leaflet has brown sporangia.",5aa5cc44afee7b64df19560eb4392d0e
508,1890,"Pellaea mucronata, Frond is triangular in shape, with separate leaflets often looking dented from above.",1c22a4d420ddd8d28bc91e344ffb7461
509,1915,"Cirsium quercetorum, Brown flower color.",58b2ccfdc81c8c12eb2ddd76ee40d416
510,1916,"Cirsium quercetorum, Leaves puckered, with long spines",16fa6e986cec19b816b14c55afd2b8bf
511,1917,"Cirsium quercetorum, Grows low to the ground.",b76caa2cda023b1cc460ebaec992d9e5
512,1930,"Marah fabacea, This is a vine with many small white-yellow flowers of 5 or 6 petals.  Fruit is a sphere with prickles .",5d83dc7173d868f87aaa93ed2b80d9a5
513,1931,"Marah fabacea, Many tendrils off the stem make it a great climber.",f67665e0143b3b999da583710a58e805
514,1932,"Marah fabacea, Fruit is large, about 2 inches across, with thin prickles .",efd38987b6e2d7ece80d54a43347fa0a
515,1933,"Melica californica, California Melic is an erect plant with ascending, flat leaves. Spikelets lie close to the stem, making a narrow cylinder.",379a580462a2061f504403f3366f82f9
516,1934,"Melica californica, Melica spikelets are oval and cylindrical, not flattened like most other grasses.  Each spikelet has 2-5 florets .  At maturity, anthers emerge to release pollen on the wind.",862b2e0019693b7da7d5757b48f8ca83
517,1935,"Melica californica, Thin spikelet branches run along the stem. Glumes at the base of each spikelet are papery and become purple with time.  There are no awns .",9b76b42c5156c6c409c3b5a32cd2daff
518,1942,"Plantago erecta, This plant is smaller than other plantains, perhaps 4 inches tall.  It has long, narrow erect leaves.",b74f99d1735b5539454ff2aaae9d619d
519,1943,"Plantago erecta, Tiny 4-petaled flowers form a tight cluster at the top of the stem.",a9b0411b8901f9e7f0b98fcf1f5a88f7
520,1944,"Plantago erecta, California Plantain can grow in dense patches.",e728ab2a9466da8ef1a2bfac28c90ebd
521,1948,"Sidalcea malviflora, Five pink petals with radiating lines on each petal.",d433b772f7e016a22401c5376a8aca36
522,1949,"Sidalcea malviflora, Basal leaves round and not deeply cut.",63fd2b4eea09b77bd38484d14d44d39f
523,1950,"Sidalcea malviflora, Deeply cut leaves.",5726955d31e676dd2e17cd8ed8b21b4a
524,1951,"Stellaria media, 5 deeply lobed white petals often look like 10.  Green pointed sepals between the petals.",9a07c6dad98e0afcd9e71cda977a12a4
525,1952,"Stellaria media, Opposite leaves are oval and come to a point.",5dde68c111542a0827dc73acc111ea8d
526,1953,"Stellaria media, Grows to a foot or so.  Lies along the ground in dense mats.",6e96f482b974e4e4cc3d8a50e655a643
527,1954,"Acmispon wrangelianus, Single yellow pea flowers are small, less than 1/2"" long.  Leaves and stems have soft hairs.",a6d6dbb0f63675b2845c9628e29b383e
528,1955,"Acmispon wrangelianus, Leaflets are in asymmetrical groups of four.  Pea pods have a curved beak at their tips.",0a5b92598bc9a0b8583ae0ae35b506b5
529,1956,"Acmispon wrangelianus, The stem branches near its base.  Single flowers and pea pods grow from leaf axils .",3a1c09d77fca6165c8b724dd9486c300
530,1957,"Galium porrigens, Look for whorled leaves in groups of 4, small yellow flowers with 4  petals, a square stem, and white berries.",dae2eb54f987f3bf49959a4c978f3ebe
531,1958,"Galium porrigens, Petals are only 1/2"" long, but flowers are even smaller, about 1/10"" across.",975698b907c3d5c26b6d57de3ddcafca
532,1959,"Galium porrigens, Flowers are tiny but showy, with red and yellow parts.",19705e09ffabf9e41a4d15aa7276fa59
533,1960,"Agoseris apargioides var. apargioides, The flower head is of medium size, about 3/4"".  Many yellow rays often have purple markings underneath.",e2e69a9edc02427bb5b345c1d67b975d
534,1961,"Agoseris apargioides var. apargioides, Basal leaves lie flat against the ground in a rosette.  They're often hairy.",216798473ba86ee04c255da024c11251
535,1962,"Agoseris apargioides var. apargioides, Unlike many dandelions, fruits do not grow beaks , so the pappus lies close to the seeds.",149d4aa57f9e622dd193d6e2d3bf7003
536,1963,"Quercus agrifolia, When unrestricted, these oaks grow wide and tall, with a thick canopy of evergreen, leathery leaves.",e92387c6dfa1170d96c268f2b214b5c9
537,1964,"Quercus agrifolia, Leaves typically have spiny edges, although some have smooth edges.",137d0309fdd0d1a9faf4120d2f5cd644
538,1965,"Quercus agrifolia, Male flowers are pale green.  Female flowers are small, forming at the base of new leaves.",d5eb145c027b983fd60fa1d238a1d891
539,1966,"Melica imperfecta, This bunch grass has flat leaves that come from the base. Spikelet clusters are dense and spike -like until maturity, when they open up and show their branches.",5ec2b4e78dab774b6e2ed26863383e40
540,1967,"Melica imperfecta, Glumes at the base of spikelets are papery and translucent.",04f011234088b3df6761953abaf3b0d3
541,1968,"Melica imperfecta, Spikelets are short (< 1/3"") with one or two florets and no awns .",22bb4b298c24e9092310e95ae69302a5
542,1969,"Dryopteris arguta, Fronds are widest at the base.  Leathery segments often twist.",0b0668b7602d1125d29b530316bda3a5
543,1970,"Dryopteris arguta, Underneath the leaflets you'll find horseshoe-shaped sori .",048da7e35cb4ca39e7a2040e5d8df35c
544,1971,"Dryopteris arguta, This evergreen fern grows year round, but will drop its leaves in drought conditions.",0e214eee6a1f9ff334f9bc20109d6cf9
545,1972,"Frangula californica, Clusters of tiny white or greenish flowers nestle among the leaves.",b9ae2c27e42cbebf6ca0739f9164a3ae
546,1973,"Frangula californica, Leaves are long and pointed, sort of like a bay leaf but with small serrations at the edge.",1a3afa58c784ee84ee2ad35178ea9dbc
547,1974,"Frangula californica, Berries go through several colors and end up red or black.",e29748088da6df9e0e755d8ce5093403
548,1975,"Galium aparine, Bedstraw has whorled leave and tiny white flowers.  It is covered with hairs that stick to passers by.",d5cd61cccfb07ba6ab742c95d136f347
549,1976,"Galium aparine, Leaves are typically in groups of 6, wider at the end than at the stem.",9c14e4e79eff093ffac1b156f9681549
550,1977,"Galium aparine, Tiny, four-petal flowers form clusters above the whorls.",4dd1ebdd2dad6113f8982ca0e0449efe
551,1978,"Juncus effusus, Yellow-brown flowers appear at the top of the stem, with a stem-like bract proceeding above it.  The stem is grooved, the bract is not.",efbe685431f0fe70e37666728cd28c3c
552,1979,"Juncus effusus, Brown leaf sheaths grow at the base of stem, but create no leaf blades .",96ca13c0991c09edadafbdd5b98fb459
553,1980,"Juncus effusus, This rather tall rush is found on lake shores, wet pastures.  Some subspecies are native, others weedy.",c62a695aa29c5def4826cf4fdd1d23af
554,1981,"Pinus coulteri, Long, thick gray-green needles (6 - 12 inches) in groups of 3.",5b1ece07e2d76e2cbe83dea3c7eea9e0
555,1982,"Pinus coulteri, Cone is the heaviest of any pine, growing to 16 inches and weighing up to 11 pounds!",cb00dc1eea0233c677c28da7ffde0f1e
556,1983,"Pinus coulteri, A heavily-trunked tree, growing to 40 feet with uplifted branches.",c01f6a28d4200603025f52c5c6edc74e
557,1984,"Heracleum maximum, White flowers form a cluster that looks like a flat-topped umbrella (called an umbel ).  Notice the odd-looking sheath at the base of the flower stalk.",ec69e7e83ae443548b44af643930c2aa
558,1985,"Heracleum maximum, Individual tiny flowers are grouped in tiny balls (a second umbel ).",c1e07e2d4af861561b50d532224dcda1
559,1986,"Heracleum maximum, Stems are hollow on this 12-foot-tall plant.  It is named Heracleum because of all its large parts.",6d5f45fc9fe0270debc086dde9e5574f
560,1987,"Baccharis pilularis, Coyote Brush has many 1-inch green leaves growing on a thicket of brittle, woody branches.",d5adcf60e3f55901c4892f9155afe05e
561,1988,"Baccharis pilularis, 1-inch leaves are leathery and stay wide until the very end.  Their margins show triangular bumps.",a28805fba79769508b48f4f274261129
562,1989,"Baccharis pilularis, In the winter, pollinated flowers develop seeds that float away on the wind.",f40ea69a47fa07b5c4e74ece793f1059
563,1990,"Monardella villosa, Many narrow-petaled flowers form a cluster about 1 inch across.",bc9a983cf23cdf4bba4b2e5b8cfcf0ac
564,1991,"Monardella villosa, Each flower has its base covered with 5 mostly-fused sepals .  The flower cluster has a couple of layers of leaf-like bracts below it.",91d81d31d742e5d44391838276a0209d
565,1992,"Monardella villosa, Bees and butterflies love this plant which provides generous amounts of nectar.",01e61d8f011869dd7d1a096353a7b2d0
566,1993,"Geranium dissectum, Small lavender flowers grow about deeply cut leaves.",d8689ea68b2e7d95a4517c709143c9b4
567,1994,"Geranium dissectum, Each petal has a rounded notch in its end, and darker lines pointing to the center. Anthers are blue.",4b483535ab3bdb8d0e9b49b82d3f9f74
568,1995,"Geranium dissectum, Fruits have beaks like other geraniums, but often with curly-cues near the end.",7dc7b1395002fb178bb756c6ac17eba4
569,1996,"Acmispon glaber var. glaber, Small yellow and orange pea flowers radiate off a slender-but-stiff green stem.",36cb7b81391238c0c4bbc41f0d759d49
570,1997,"Acmispon glaber var. glaber, Leaflets are generally in threes, and are a favorite with deer.  Stems are green.",65d490de8a01603987e8a0556defecb9
571,1998,"Acmispon glaber var. glaber, Lots of branches create a bushy look, full of green, yellow and orange.",12679a26a7651e52678163cefa313de6
572,1999,"Castilleja densiflora, Note white pouches with purple ""owl's eyes"" on them.  Leaves are narrow.",9647b71d886c7acd35a9bdc8b6263b9d
573,2000,"Castilleja densiflora, Flowers have a narrow beak above the white spotted pouches.",8e24ba46908a0eca14c3d17f0804f41c
574,2001,"Castilleja densiflora, Found on grassy hillsides, it does well in serpentine soils.",939e1a8bd730988ceb3fb0fc0d1f38ce
575,2002,"Cynosurus echinatus, Dense, awned spikelets are generally packed on one side of the stem in a short cluster.",3853908b5336ccfdb3acacc0eb04c0d7
576,2003,"Cynosurus echinatus, As spikelets mature, the awns point in all directions.  Some spikelets have 1-5 fertile florets and others have 6-18 infertile florets.",8822d5ec04df123729a9498bb3d6278d
577,2004,"Cynosurus echinatus, Leaves are prominent and rough.",e4ca159493a0fcc96829a99df3df1d00
578,2413,"Lycium andersonii, Anderson Thornbush presents a rounded shape, full of branches and small leaves, in desert washes.",9a7097112ca20c6b9be40e41a9d4b2d4
579,2414,"Lycium andersonii, Its tubular flowers and leaves are small, about 1/2"" long.",8cdae3a404eb8a79bae4b174b6d2f66a
580,2415,"Lycium andersonii, Reddish berries are also small and nestle among many thin thorns.",c9ff2646b8e322f58ae035cc8bcefd08
581,2416,"Cirsium andersonii, Anderson's Thistle flower is a pretty pink-violet color.  The stem is purple.",71ed06d99d827ac4f80717b38f67ef8c
582,2417,"Cirsium andersonii, The flower head stays in a tight cylinder and points straight up.  Spiny phyllaries below the flower head curve outward.",bd2e23dc4915eb1e275ef80f81420ea3
583,2418,"Cirsium andersonii, Long leaves at the base have triangular teeth with spines at the tip.",c715f29f6d84eb8b8b752472895c0ab0
584,2422,"Pinus balfouriana ssp. austrina, Mature trees have thick trunks and short branches at the top, a useful shape for surviving storms at high elevation.",631820e5063e7ba77717c7c4a58f69a9
585,2423,"Pinus balfouriana ssp. austrina, Needles are short, about 1"" long, curved, and in groups of 5.  Needles persist along the branch, creating a foxtail effect.",b71a1e4a466b4e9a79840e6d7613ce51
586,2424,"Pinus balfouriana ssp. austrina, Bark is thick, cinnamon colored, and shows deep fissures creating plates in the shape of squares.",4f2bfaa1a5b4c53d03150e8b6486a70a
587,2425,"Pinus muricata, Cones cluster together and can stay closed for years.  Similar to Monterey Pine, but with bunches of 2 needles.",81721ab44f4d820ef8ee6191f7fba580
588,2426,"Pinus muricata, Rough ridged bark.  Branches often large.",18794916dceb2b188c4d39aba8346d4f
589,2427,"Pinus muricata, All trees here are Bishop Pine. Wide-branching crowns are sometimes windswept.",69bc17e3672ba72c27ba619d9f174b20
590,2431,"Pinus contorta ssp. bolanderi, Woody cone with prickles.",564919a54a00f7516a735fa0e96c1645
591,2432,"Pinus contorta ssp. bolanderi, Needles in groups of 2, 1 to 3 inches long",83e494c021d39d6f9662e2b27ba6e8bf
592,2433,"Pinus contorta ssp. bolanderi, Trunks straight",4582f9f2e89139115626d4f74b589de6
593,2434,"Pinus longaeva, Needles are short and thick, about 1.5"" long.",fc28dede8688249eaaf9d4a932a1ded4
594,2435,"Pinus longaeva, Cones grow to 4"" long, with many scales, each with a bristle.",1afe882c7b733ca26d896e2b4479d6d8
595,2436,"Pinus longaeva, Gnarled and stunted, this tree survives in high exposed areas.  One individual has been aged at 5,000 years!",47beffdc5efa426512a1d65af1f5f98e
596,2443,"Hypericum calycinum, Yellow flower at the end of stems, 5 petals, with lots of long stamens",05a0f51b9cc54c1e114bf1c889e21fee
597,2444,"Hypericum calycinum, Opposite leaves grow to 4 inches long.",fd66686efbb9e73fd963d10a44dbcda2
598,2445,"Hypericum calycinum, Low growing, under 3 feet tall, with lots of woody stems.",02d79f4399d2ba6b719a43bf143b0287
599,2446,"Pinus halepensis, Needles in 5s, about 3 inches long.",1296078bc3c8de6139858219cdccd618
600,2447,"Pinus halepensis, Narrow cone to 5 inches.  Opens over 4 years unless there is a fire.",66a1e1e3f15355a91a464e72e0e98986
601,2448,"Pinus halepensis, Bark is orange-red, thick and deeply fissured near the base, smoother higher up.",dc62f594038189563c21864b543f5ebe
602,2449,"Gaultheria humifusa, Single white bell-shaped flower at the end of the stem, with a red and yellow center.",4ae0e942a6f632a15f9da41bd90a723a
603,2450,"Gaultheria humifusa, Tiny berries maturing to red.  Notice the size of the finger in the background.",e4387a5c4f633b8d53d0d06a03a94e1b
604,2451,"Gaultheria humifusa, Grows low to the ground with 1/2 inch leaves.  See the dime?",bc3148b78aed0afd0a8889918bfdf5c1
605,2455,"Arctostaphylos uva-ursi, Bearberry grows low to the ground, forming a mat of thick, dark-green leaves.",b8c5f561de3fc9a21aa85e1810dd4a50
606,2456,"Arctostaphylos uva-ursi, Pink urn-shaped flowers gather in clusters at the end of stems.",0af2848d3adad7984617c4385d73fec7
607,2457,"Arctostaphylos uva-ursi, Leaves are under 1 inch long, thick and stiff.  They're dark green and shiny, paler underneath.  The stem is often red.",77dff3fc6f6808ee376eddb80483794a
608,2467,"Crocanthemum scoparium, Bright yellow flower is less than 1/2 inch across.",ec5ea1f0e0d16b51bdba939f4fa58ebe
609,2468,"Crocanthemum scoparium, Long, smooth stems grow in an open arrangement.  Buds are reddish brown.",bb1c6d3a078e3957d0b69c01783158fa
610,2469,"Crocanthemum scoparium, Found on dry, sandy places, often on hills.",5fe51430e85ededd763cf46ac2f1f0db
611,2476,"Purshia tridentata, Yellow flowers are about 1 inch accross, with 5 separate petals and many stamens .",1bf085e7494f264e897cd3f133e97aed
612,2477,"Purshia tridentata, Leaves often have 3 ""fingers"" or teeth, thus ""tridentata"".",ad2e84dd09b32271faaaf2dfbfcaabd0
613,2478,"Purshia tridentata, Bitterbrush colors sagebrush areas yellow with its flowers in the summer.",65d1548b7965d0eda61a99d68d0a642c
614,2512,"Suaeda nigra, Spherical green or yellow flower is smaller than leaves and connects directly to the stem.",31f3e4c66e0b40da08b6d2378ba9479b
615,2513,"Suaeda nigra, Leaves succulent, often round in cross section, not scaly.  They can darken to a reddish color.",60100546e7e02cff697a5cef65386164
616,2514,"Suaeda nigra, Grows to 5 feet tall in alkaline areas.",1a20568b7e3360c8b5386a95a840d851
617,2515,"Lycium californicum, Leaves succulent, round in cross section, less than 1/2 inch long.  Flower a white trumpet with 4 or 5 petals.",9e427b778d5c2f5042b6bf242c94ecdb
618,2516,"Lycium californicum, Individual firm red berries nestle close to the stem.",cc133c34e84e77de014f9250d1e3e694
619,2517,"Lycium californicum, A thorny shrub with short branches that stick straight out from the stem, ending in a point.  Grows 3 feet tall, 10 feet wide.",8247f25b8e430d43f34fba7d4a65e0df
620,2527,"Penstemon speciosus, Large tubular flowers ending in 5 petals.  Leaves are fairly thick and sometimes fold in on themselves.",0940200eab89ad2d8bdff43b9ec0656e
621,2528,"Penstemon speciosus, Flowers have 2 petals above and 3 below.  The center has",50bc245aad992ac5fa1d310b88580757
622,2529,"Penstemon speciosus, Leaves are opposite and sometimes clasp the stem.  Flowers are in bunches, pointed the same direction.",61ed60c30a1cb8b7423256bb85a8fd03
623,2533,"Trichostema lanceolatum, Opposite leaves and irregular mint flowers grow close to the stem.",297cd2b295831067d655d3caa7914bf3
624,2534,"Trichostema lanceolatum, When a pollinator lands on the bottom part of the flower, the top part brushes pollen on its back.",990a6fd8c2bb53215dea81a99b6cc277
625,2535,"Trichostema lanceolatum, Glandular hairs have a strong, vinegar smell.  Oils discourage herbivores and neighboring plants, helping it thrive.",4189eff988f2d311789c9880f7f93cae
626,2536,"Vitis californica, A vine, with leaves, tendrils and fruits all hanging from a long stem.  Leaves are indented where they connect to the plant, lobed and toothed.",5086f2d8ac0f0437993f73fefdfb12dd
627,2537,"Vitis californica, Edible but tart grape clusters hang down from the vine.",04dd2e9c4b08d0af997734317488bedc
628,2538,"Vitis californica, This climbing vine uses tendrils to hold onto other plants, and can grow 30 feet long.",af2535b7a3372110315cd4850b879ebd
629,2539,"Lathyrus latifolius, Striking spikes of magenta flowers.",f0d434f4c8f63fdbfdd6b2d4869e2d87
630,2540,"Lathyrus latifolius, Stems are stiff, often with half inch ""wings.""  Leaves have parallel veins.",e78dfc5b134b0fafa4e9ed0639cbe214
631,2541,"Lathyrus latifolius, Vines often lie on other plants, and create a showy display.",2bf2a96fde51dde81ab05e8e97cefcae
632,2542,"Gaultheria shallon, Delicate pink urns hanging along one side of a stalk.  Leaves are dark green and shiny on top and lighter and rough below.",a7497c4a45dbf3ecd2a2266146e35a47
633,2543,"Gaultheria shallon, Alternate leaves are 4"" long, and have small serrations.  They're wide at the base and pointed at the tip.",cef280292aff2e410e51066cac4d0593
634,2544,"Gaultheria shallon, Flowers develop into dark blue berries, slightly hairy, and showing star-shaped creases at the bottom.",325219bb87657ba86624612ef529bc35
635,2548,"Arctostaphylos canescens, Hoary Manzanita looks pale because of a dense layer of white (hence Hoary) hair.",5d3629a1e011db3362f46cbdbe092093
636,2549,"Arctostaphylos canescens, Small, hairy, recurving, pale bracts stand away from the stem, making a bell shape.  They form the base of an emerging inflorescence .",dc596892b64b05a0ac0cc0a362205cd8
637,2550,"Arctostaphylos canescens, Since there is no central burl, stems often start from a variety of places.",cf82c1be31e6f3a08ac993aedeb1c781
638,2551,"Vaccinium ovatum, Bunches of small, pink and white, urn-shaped flowers hang down, indicating a member of the Heath Family.",a409677f99766b536e716083dee0d520
639,2552,"Vaccinium ovatum, The Huckleberry berry is delicious.  It starts out green, then red, and ends up purple-black.  All sorts of animals eat them.",a1e04036a292cb78a1cbc52ea160bc63
640,2553,"Vaccinium ovatum, This dark and shiny-leaved shrub does well in acidic soil at the edges of mixed evergreen and conifer forests.",1efea4021fde0f5a7bb0e3b141ef617f
641,2554,"Dirca occidentalis, Leatherwood is a shrub with red bark, delicate green leaves, and hanging yellow flowers.",3bad9391326a5fbbf1490c3683aed598
642,2555,"Dirca occidentalis, Leaves and flowers emerge out of the same bud. Pistil and stamens hang below the yellow petal-like sepals .",498811db9c7d1accbe3b99e62c76731a
643,2556,"Dirca occidentalis, Early flowers bloom before the leaves come out.",3200e285cc7a7b9385954c5c12fba747
644,2557,"Arbutus menziesii, A beautiful tree with a smooth brown trunk, wide spreading limbs, and dark green leaves.",438ca02f4b9cf7ce7cbc8526e5fa8ddd
645,2558,"Arbutus menziesii, Tiny white urn-shaped flowers hang down on little stalks. The leaf is fairly smooth-edged and waxy.",ad4111dab3c5bd647e6ed99810c5619e
646,2559,"Arbutus menziesii, Red berries show up nicely in front of dark green leaves.",8296df938739add22c7bf08716c0c5c7
647,2560,"Ribes nevadense, White-tipped petals.",cec9db730a01c5c3758b5a9513b88b40
648,2561,"Ribes nevadense, Currant berry.",bd90d0a95f43d91c0274daf9e8ebbf55
649,2562,"Oemleria cerasiformis, Flowers are smaller than the leaves.",d1be6df22f1e6fc9d3848d1f3d15327c
650,2563,"Oemleria cerasiformis, Flowers have many stamens - a member of the rose family.",f0b5b0978727a380330f963bc1fb034b
651,2564,"Oemleria cerasiformis, Full-looking shrub",dd41d657653c69b2051c80a533b0b363
652,2565,"Toxicodendron diversilobum, Leaves are in 3 parts and are often red by late summer.  They're shiny and lobed like some oak leaves.",f16c5e9ffde7bb0f04a813435c466cf9
653,2566,"Toxicodendron diversilobum, In winter, look for stiff alternate branches which point away from the stem.  ""Short sticks - up to their old tricks.""",fc6c209226c15eb4f12f670aad2c6e86
654,2567,"Toxicodendron diversilobum, Small, greenish-cream flowers connect to the stem on a stalk.  They produce a berry -like fruit.",df0bab9fa03c8f120248bab742778038
655,2568,"Vaccinium parvifolium, Small but thick leaves.  Flowers and berries mix in with the leaves.",afd9bbddb244be45e36efca6f32789f3
656,2569,"Vaccinium parvifolium, Need more photos for this species.",1df9c2d3976ebc54dd0c73f08ce87f79
657,2570,"Clintonia andrewsiana, Red lily flowers form an umbel at the top of a 2 foot stalk.",e96421489aff8509ed76f832dea7f364
658,2571,"Clintonia andrewsiana, Basal leaves are hairy, up to 12 inches long and 5 inches wide.",5f05dc12f239ca0c9591627ab456077d
659,2572,"Clintonia andrewsiana, Berries are large and dark blue.",1a3486ea9b9d2625b7591b47bdeb2e56
660,2573,"Sambucus racemosa var. racemosa, Large compound leaves with 7 leaflets.  Each leaflet can be up to 6 inches long.  Edges are irregularly serrated.",15dfe30cf5535d386d5d1adbaf2a5aad
661,2574,"Sambucus racemosa var. racemosa, Fragrant flower clusters are rounded (not flat topped like other Elderberries).",7361e91703c9946321d0567be0120240
662,2575,"Sambucus racemosa var. racemosa, Bright red berries form a rounded cluster.",11d1061d9fc9cc410fd9df20fdcf24a2
663,2576,"Rhamnus crocea, Leaves are leathery and about 1/2"" long.  Flowers are much smaller - about 1/8"" across.",61f625dd60707d94ab20650708e479ef
664,2577,"Rhamnus crocea, Redberry has bright red berries nestled next to new twigs.",004b670661b865e8d773433ff3672abb
665,2578,"Rhamnus crocea, This is a buckthorn, with short, stiff twigs that sometimes end in a pointy thorns.",c24eb56036602098d951c9e54a6f9d36
666,2582,"Ribes roezlii, Dark red flowers dangling.",cd177f9407a84d0e21121e3f035b72dc
667,2583,"Ribes roezlii, Leaves are roundish and lobed.",024bc3420491457df90447494be520ea
668,2584,"Ribes roezlii, Fruit and branches are spiny.",e20fe09c9c1c100345ea97aa0acbb4ba
669,2585,"Garrya elliptica, These female catkins are thicker and shorter than the male version.",3320659bc50cfae2b78820e6c8795d16
670,2586,"Garrya elliptica, Here are male catkins , cascading down like a silk tassel, sometimes 8"" long.",813a032427a5b368a0c262ca9591d996
671,2587,"Garrya elliptica, Silk Tassel grows to the size of a small tree but has so many branches that it sometimes looks like a big shrub.",30719c86b1afd427c0d989674137cc79
672,2588,"Maianthemum stellatum, This arching plant has attractive, smooth-edged, alternate leaves.  Small, star-like flowers form a delicate accent at the top.",20fffbfd07a37c3a54b5fb6c16d19ee8
673,2589,"Maianthemum stellatum, Clasping leaves open up on two sides of the stem, facing the sky and forming the distinctive Solomon's Seal look.",8d0f56ea3e8483129b524e562de89da8
674,2590,"Maianthemum stellatum, Reddish purple berries replace the flowers in the fall.",d22fefb866041d22ddce375af8103888
675,2591,"Rosa spithamea, This striking flower grows low to the ground.  Each petal has two rounded lobes .",aa4e5d4597175d58f70186655e5336a2
676,2592,"Rosa spithamea, Leaf-like sepals stick directly out from red rose hips.  Both sepals and rose hip are covered in gland-tipped hairs - a good ID mark.",58a0c330ebe58aa97d9aeda23f7055e1
677,2593,"Rosa spithamea, Prickles are slender and straight. Compound leaflets are oval with ragged teeth.",c3e82e6bdccc1432622b005fbd4d005c
678,2594,"Ribes divaricatum var. pubiflorum, Leaves are ""mitten-shaped.  Red and white flowers hang down with stamens protruding. Thorns.",d24c1ebc3dd2811b1a3936174dd50c7b
679,2595,"Ribes divaricatum var. pubiflorum, Red sepals point back while white petals point down.  Yellow-tipped stamens hang below the petals.",5e80aefe3cb53acde8d91c82c8dacb82
680,2596,"Ribes divaricatum var. pubiflorum, Flowers and edible berries are on branching stalks.",28c0d1f3ac9d621edb509604bb0ef186
681,2597,"Comarostaphylis diversifolia ssp. diversifolia, White down-hanging urn-shaped flowers.  Evergreen leaves are long, shiny on top and dull underneath.",0f0618e1cd72f7781a13fcb3f0ce4d9b
682,2598,"Comarostaphylis diversifolia ssp. diversifolia, Red berries with raspberry-like bumps hang down from the branch.",4fcd61822f5479e0dcb7671d4adaebda
683,2599,"Comarostaphylis diversifolia ssp. diversifolia, A woody shrub growing to 12 feet high in Southern California chaparral .",2d4cf1864e7207106e4f5886bb3339e0
684,2603,"Rubus parviflorus, White star-shaped flowers, 2"" wide, stand out against the delicate green leaves that cover this mid-size shrub.",902cfff3b77b6bc116296104d0f6b1d4
685,2604,"Rubus parviflorus, The leaf (up to 8"" wide) is like a fuzzy maple leaf with deep veins.",6e7edc80cd0d05588f33c90f580d5b82
686,2605,"Rubus parviflorus, Raspberry-shape berries are hollow in the center, like a thimble (thus its name).",10d9c40ad9a502bb9aa6ccd1876c486b
687,2609,"Rumex acetosella, Small flowers group along a ridged stem.",1b572b958d8d4e8e42c9499bc17e1de0
688,2610,"Rumex acetosella, Leaves about 1 inch long, pointed, with sideways lobes at the base.",911ec887b12cf1545f264022f2b53c96
689,2611,"Rumex acetosella, Grows to 18 inches.  Red flowers and stems make this plant stand out.",08778b656e3ec621dccb173d62e503dd
690,2612,"Salvia apiana, Like other sages, strong square stems support many layers of opposite leaves and whorled flowers.",d54ea202f9fa6013ecb225b02ccf0a36
691,2613,"Salvia apiana, Long stamens sick way out beyond White flowers,",336f48efb2230ef0838cf36ae41ca523
692,2614,"Salvia columbariae, Look for dark-blue mint flowers forming tight whorls around a four-sided stem.",afea64b3b0e9451e1186fca0b33c8aac
693,2615,"Salvia columbariae, Mint flowers have a flat upper lip and and an extended, decorated lower lip.",6033374532492bee5c5e5274d949f71e
694,2616,"Salvia columbariae, Chia Sage can grow in huge colonies, turning sandy hillsides purple.",815a9bc814db7393dc0416172abc1af5
695,2617,"Salvia leucophylla, Purple Sage forms whorls of pink flowers along a strong, square stem.",8e986e2efa5ffb6f3acf1eff8acdea99
696,2618,"Salvia leucophylla, Leaves are thick, with indented veins.",196cdb4e1a4758415005415e8bfb86d3
697,2619,"Salvia leucophylla, Purple Sage often grows in colonies.",a48462c755c53c2d57f3205b0be7a44c
698,2623,"Sambucus racemosa, Roundish flower arrangement.",7361e91703c9946321d0567be0120240
699,2624,"Sambucus racemosa, Compound leaves with small serrations near the tips.",15dfe30cf5535d386d5d1adbaf2a5aad
700,2625,"Sambucus racemosa, Red berries",65c17fa02e88fef85e9357912d4ffbfd
701,2626,"Sanicula bipinnatifida, Look for divided leaves and small purple flowers in round heads.",1e88a8a44bd6259e236d64d0a02189e1
702,2627,"Sanicula bipinnatifida, Flowerheads form at the top and along the stem.",304e80838315cbb8e3c1db8dee061410
703,2628,"Sanicula bipinnatifida, Looking down at this plant, you'll notice purple spots over lots of compound leaves .",200f768b126e2cb5b8ea6412b6dbb196
704,2629,"Sanicula crassicaulis, Pacific Sanicula has distinctive leaves, with toothed lobes radiating from a single point.",5eff496e9efb45f3b052abf6ec663ee3
705,2630,"Sanicula crassicaulis, Tiny yellow flowers are gathered tightly in round-topped heads .",87aa7f33d0dc6b27e77739fe769726df
706,2631,"Sanicula crassicaulis, Crassicaulis is Latin for thick stemmed.  Each year, a new stem grows out of a taproot that lives many years.",01a16080533c835eb83c4e2acb1d7474
707,2635,"Sedum spathulifolium, Bright pointed short yellow petals",4390bf7a43e873b030c8c67087e5f4dc
708,2636,"Sedum spathulifolium, Flowers in yellow bunches.",44e24e353c6594fc056c084dfda06b44
709,2637,"Sedum spathulifolium, Succulent leaves below, red stems below clusters of flowers.",1c61c0c8d19a3adb21286f9679f52be6
710,2638,"Senecio aronicoides, Yellow flowers without petals (ray flowers).",e25b78194b4dccc98dc5cc8e372424ca
711,2639,"Senecio aronicoides, Leaves triangular with curling rough edges.",7d3f72f5fb9bc84cad075f73bb1c7cd1
712,2640,"Senecio aronicoides, Many yellow flowers at the top of a stem.",48c5824f70bcacb83fd6916b2cd9021e
713,2641,"Senecio triangularis, Flowers have disk and ray flower parts.",7726fb1c9039f852882a7cfbbaa62903
714,2642,"Senecio triangularis, Stands erect about four feet tall, with flowers at the top.",e2ed55bef3e0b5fc09d5372e501dd03f
715,2643,"Senecio triangularis, Leaf is much longer than wide, sometimes in an arrow shape.",c35020f4b4e213ac7696bd84f361122c
716,2644,"Senegalia greggii, Catclaw thorns curve, as opposed to mesquite thorns which are straight.",26f592109538e2d0e071744dfd5e5cda
717,2645,"Sequoia sempervirens, Interlocking roots create a strong foundation for these huge, columnar giants – the tallest living things on earth.",0f8d7959bd4af2b9e265b51aca34c7f9
718,2646,"Sequoia sempervirens, Needles form a flat surface, about 1"" across.  They taper to a point at the end of each year's growth.",d6d0669114eb33095f3e1ca718487716
719,2647,"Sequoia sempervirens, Look for distinctive tan needles on the ground.  Thick bark and vigorous sprouting help redwoods survive dozens of fires over their lives.",4af1e06dd3bebcc8e93c61655980dcfd
720,2648,"Silybum marianum, Below the flower, several layers of spines point out horizontally.  Leaves have white markings on them.",0ecf1873e5095735509c4bf2863c4640
721,2649,"Silybum marianum, Large basal leaves have obvious milk-white veins.  Smaller leaves above clasp the stem.",5a72728ee416af76b07a5d0ebe0b4e7e
722,2650,"Silybum marianum, Milk Thistle is common, often growing in colonies.",66e3f23188bbf4b46d4629741d6ff5a2
723,2657,"Spartium junceum, Flowers cluster along straight branches, and are larger and deeper yellow than French Broom.  No noticeable leaves.",6d14cdda910e23033cbba633cfde8724
724,2658,"Spartium junceum, Each pea-shaped flower grows to almost 1"" and has a strong fragrance.",b080c46e3030f453d3a34ae14b687511
725,2659,"Spartium junceum, The stem is round, with many fine ribs.  They provide most of the photosynthesis needed by the plant.",e0d3acf4724d17b70d4dd664e6ebbaca
726,2660,"Stephanomeria virgata, Flower heads grow along stiff, vertical branches.",5723790c0b4f59b3860c9b7155d19727
727,2661,"Stephanomeria virgata, Flower heads show several ray flowers , each with a lobed petal tip and an erect reproductive column.",9e82e1766cf084f7224b7b3d70b0e90a
728,2662,"Stephanomeria virgata, Seeds are 5-sided brown cylinders and have beautiful feathery pappus to help them float away on the wind.",4e6126859d25d8313c07b982673bc40b
729,2663,"Stipa pulchra, Purple Needlegrass has an open inflorescence and long awns .  It has only one floret per spikelet .",ad62514094d05c34954081bd66c9accc
730,2664,"Stipa pulchra, Spikelets are purplish. Awns are  needle-like and about as long as your pinkie (1.5 to 4"").  Awns bend twice when they're mature.",113013f9ec64eb32430fc44776560a19
731,2665,"Stipa pulchra, The weight of the spikelets and the length of their awns causes the grass to bend at the top and wave in the wind.",7edcb42fc2698deaadf439e65ecec54a
732,2672,"Torilis arvensis, 5-petaled flowers surrounded by little spikes.",5792d01c719bb15c2ea02f0ce91e6ef3
733,2673,"Torilis arvensis, Slender, branching, rough-haired stems up to 3 feet tall.",83e28e438c79eee927b5cd5dc6f0d6f4
734,2674,"Torilis arvensis, Leaves compound, deeply divided.",f4e9b6283b4c0d0c8fa12ae9d196ace9
735,2678,"Trichostema lanatum, This mint shows an extravagant tube with nectar at the bottom to attract pollinators with long tongues.",d65b29b7a29d6c180dace97e40f7cb63
736,2679,"Trichostema lanatum, Flowers cluster in whorls along a square stem.  Leaves are narrow.",4da0d27cb3c6c5ffda17d0d17d1ec1e5
737,2692,"Fragaria chiloensis, 5-part white flower.  3-part leaves.",1cea1fc74ebce20e98516dd44d91f41e
738,2693,"Fragaria chiloensis, Grows prostrate - low to the ground.",f23c35e871442effc12bc885e875d834
739,2694,"Fragaria chiloensis, Small strawberries.",d7a189b1e7ced02c32b20469cc5f404d
740,2716,"Cornus canadensis, Four white ""petals"" surround many tiny flowers.  Six leaves grow in a whorl (2 larger than the others) near the top of the stem.",72f89aacb268ed66ab8d5cf53fd69d94
741,2717,"Cornus canadensis, Berries form a cluster, starting green and mature to red.  Leaves turn red in the fall.",36c275bf876b8e0d16c8687b910adc1f
742,2718,"Cornus canadensis, Grows to 8 inches tall, creating a ground cover in the forest.",7a2e75baaacf52c2ed1a1823a46a1d39
743,2728,"Prunus virginiana, Cluster of flowers looks like a hot dog (JML). They bloom in late spring and are aromatic.",908b9160396d4816ac097c7a8880844d
744,2729,"Prunus virginiana, Alternate leaves on stalks have a central vein, small serrations on the edge, and end in a point.",550a77a3e2bc0f75a4af82d4d8cb03e2
745,2730,"Prunus virginiana, Red berries mature to black, and hang in bright clusters.",1cceb9cf158f30f4065239435b0db336
746,2731,"Symphoricarpos albus, Opposite leaves are oval and thin.",65791532d4ea8621d0995daa5d86e006
747,2732,"Symphoricarpos albus, Pink flowers bunch near the top of stems.",f16eb76f3c0cd443d5f673728e873fb2
748,2733,"Symphoricarpos albus, Bright white berries on an upright shrub make this plant easy to identify.",0f659b7984bfec298f399383e20c9142
749,2734,"Cornus sericea ssp. sericea, Clusters of 4-petaled flowers turn into white berries.  Red stems stand out near creeks in the winter.",d9bf81ab24b1cb813e4a015905ab3b40
750,2735,"Cornus sericea ssp. sericea, Leaves are deciduous, opposite, and smooth-edged.  Their veins curve to parallel with the edge.  Early leaves fold inward.",00c3a0c866dbf796bcf6da829df4083d
751,2736,"Cornus sericea ssp. sericea, Red bark is quite visible in winter.  Creek Dogwood grows to 12 feet tall.",065c76d2c9f4edfc07e0eebc0c13bc65
752,2737,"Symphoricarpos mollis, Smally light pink flowers in a cluster.",69c5dd168e3e003d7465b6df21182cd3
753,2738,"Symphoricarpos mollis, Plant low to the ground.",9c2fe66ee54ed5f74482e5b6269af1f7
754,2739,"Symphoricarpos mollis, Delicate roundish leaves and prominent white berries.",ebc699f3b006c5b744e7eadbe5b4337e
755,2740,"Ceanothus integerrimus, Deer Brush has flexible stems and soft leaves, making it a favorite food for deer.",a9626de5b8804ddb04b726fb58eecea8
756,2741,"Ceanothus integerrimus, Small five-part flowers cluster on branching stalks.",10156df48eccd629e7c4f22826118755
757,2742,"Ceanothus integerrimus, Fragrant flower sprays up to 8"" long appear at the end of branches.",106b3b190070fb20c6fcad3076a69d18
758,2743,"Chilopsis linearis, Pink flowers form showy clusters.",7c42e2ac4c9518e69905f76c59b8152b
759,2744,"Chilopsis linearis, Although leaves are narrow and willowy, this is not a willow.",48390defd9425f126fedd7c65b56d734
760,2745,"Chilopsis linearis, Desert Willow does well in arid conditions.",b9304375f361906000fb9242cd566f8b
761,2758,"Ceanothus thyrsiflorus, Hundreds of sweet-smelling tiny flowers form lavender balls of color accented with white or yellow.",96f649cd809be596912ede1992c42528
762,2759,"Ceanothus thyrsiflorus, Leaves have 3 parallel veins.  The underside is dull, but the top is a shiny dark green.",3786d974f402717ac1091c318f24b4d6
763,2760,"Ceanothus thyrsiflorus, Blueblossom is full of flowers when it blooms, March to May.",a6c1ba2c46ae0c24c14987122e496f5b
764,2762,"Ceanothus cuneatus, Flowers, in five parts, can be cream or lavender.  The green dots at the base of the pistil are nectaries - a sugar bonus for pollinators.",a1bb8d87d371cf2fd56b746d898430c7
765,2764,"Shepherdia argentea, White flowers and red berries on short, thorny side branches.",3cfdcab42bf5f645d66bc83195855b7e
766,2765,"Shepherdia argentea, Opposite leaves about 2 inches long, covered in fine hairs that make them look pale.",b73e7f1612f27843121eac20db892960
767,2766,"Shepherdia argentea, Deciduous in the winter. Thorny branches often form a thicket. Typically grows to 14 feet tall.",cd1845080d7d183c2564492c667e5e9f
768,2770,"Quercus chrysolepis, Canyon Oaks can be quite full (shrubby).  They're hard to distinguish from other live oaks at a distance.",ab0a62a9ab0ecbbc3e296dc7fc889748
769,2771,"Quercus chrysolepis, Top of leaf is leathery and pale green.  Underside often has gold fuzz.",b0895e477456a5dadaee59f319576ecd
770,2772,"Quercus chrysolepis, Canyon Oak acorn top has smooth bumps with canyons.",b39f27c0ab37578fd11fbd93ca621e02
771,2773,"Ceanothus thyrsiflorus var. griseus, Alternate, evergreen , ribbed leaves are wider towards the base. Edges are slightly serrated and sometimes roll under.",67f828db817caab96cc92b496a7900ed
772,2774,"Ceanothus thyrsiflorus var. griseus, Flower clusters are blue or purple, with yellow anthers sticking out.",5d2eb6fd75638f6f003b9fd7a760a089
773,2775,"Ceanothus thyrsiflorus var. griseus, Found on open slopes along the coast.  Does well in salt spray.",0f89c4117dca3931786ba59d0e520d58
774,2779,"Frangula californica ssp. californica, Coffeeberry is a dense shrub, often darker green than the surrounding plants.  Look for shiny narrow leaves.",8f88c3a11ffabd7bbf73001e1c319c7d
775,2780,"Frangula californica ssp. californica, Flowers, and later berries, nestle at the base of the leaves, which are long and pointed.",95ca1ee455eba0dc4e84a29571c27dcd
776,2781,"Frangula californica ssp. californica, Berries are round, and end up being red or black.",9e5c3be879f2e0b02c84f591f9b3f593
777,2782,"Quercus suber, This is a medium-size oak tree with beautiful, heavy branches.",4f3af9b4033b9d3e31b8d8540c671ef7
778,2783,"Quercus suber, The underside of the evergreen leaf is pale.  The edges have large teeth, and the margins often curl under.",ebd2f6460caeff1ea5a2a1843d334a71
779,2784,"Quercus suber, The bark is in large pieces.  You can sink your thumbnail in, just like you can into the cork on a  wine bottle.",f32a4f4d0ce2f2a82247996aaaca0bd4
780,2788,"Larrea tridentata, 5 yellow petals make a showy flower.  Fruits are hairy spheres.  Pale stems have obvious divisions.",88dc869c024b0804c40b0c342cbf8c1d
781,2789,"Larrea tridentata, Opposite leaflets are in pairs, fused at the bottom, forming a curious shape.",2be5e7e2a07417a66040fba25e292678
782,2790,"Larrea tridentata, Very common in dry desert, it smells strongly of creosote, especially after rains.",c68a383c2b306266da9d0787f37d9049
783,2791,"Hedera helix, This evergreen vine forms a solid ground cover, as well as climbing up tall trees and walls.",8c80bff1c047b6b51fa9a97c2289776a
784,2792,"Hedera helix, Groups of flowers turn into yellow or purple berries in winter.",9f5a16959a442312414d83358b841751
785,2793,"Hedera helix, Notice flower and berry stalks all coming from a common point ( umbels ).  Leaf stalks ( petioles ) are long.",5975a270fb8e41c7860300ea50f1e4de
786,2794,"Garrya fremontii, These male catkins are full of small, many-colored flowers.  Female catkins are shorter, thicker, and less colorful.",397005ca916e353fe2d817180a1b225f
787,2795,"Garrya fremontii, Unlike Coast Silk Tassel, the underside of Fremont's Silk Tassel is generally hairless.",1af7d4e320e8febb0b405f4be5ab9cec
788,2796,"Garrya fremontii, Pollinated flowers turn into a bunch of blue/black waxy berries.  Coast Silk Tassel berries are darker.",e2d2e6ca3a189c0379d80fb313222e45
789,2797,"Ceanothus gloriosus, These glorious blooms produce a sweet smell.",0561736bd00d258c6b4a656ae794432e
790,2798,"Ceanothus gloriosus, Flower clusters grow on stalks form leaf axils .",0ca71909ca3480c77575fdc763145988
791,2799,"Ceanothus gloriosus, Leaves are strongly serrated and wider at the tip.",6268a2520f588e3fb1a91695403a917b
792,2800,"Chrysolepis chrysophylla, Spiny, green balls, about 2"" across, cover nuts that take two years to develop.",1ff2e348d8bda877ea1964267a947e20
793,2801,"Chrysolepis chrysophylla, In the springtime, erect, male catkins make a showy display.  Golden Chinquapin can be a large shrub, as shown here (var. minor ).",45330d47fad6d1cc74a66fda36d305db
794,2802,"Chrysolepis chrysophylla, Golden Chinquapin can also be a tree, growing to 100 feet tall (var. chrysophylla ).  Trees tend to be found in lower, wetter areas.",86deb174e0ef5b21f07af21a110f2446
795,2803,"Arctostaphylos patula, Pink and white flowers, hanging in bunches, shaped like small upside-down urns.",50f160c99437fe009d695a229e7d9dd3
796,2804,"Arctostaphylos patula, Berries bigger than Whiteleaf Manzanita.  Brittle connections break off easily.",8ea9d8627db20cca9318647ef20e4314
797,2805,"Arctostaphylos patula, Berries bunch close together.",efdfb98ec4a28e0bfc965fcd5d96fb37
798,2812,"Ilex aquifolium, Evergreen Holly leaves have spiny teeth, are shiny dark green on top and lighter underneath.",f1bfcc4e1fcbd6c17bbaaccaf25d5e20
799,2813,"Ilex aquifolium, Bright red berries and shiny dark green leaves are a Christmas decoration staple.",9ace204cedf52e1182b39add04ca14a2
800,2814,"Ilex aquifolium, This shrub can grow to tree size if it has plenty of light and water.",a1f59f49a8ef8e10e93ca1bfa95b7c8b
801,2815,"Prunus ilicifolia, This large shrub has bright green, shiny leaves with holly-like spines on the edge",943de9cf80175e03a62aaf4e448b932e
802,2816,"Prunus ilicifolia, White flowers show lots of stamens .  Hundreds of them gather in narrow bunches on a single plant.",787139234963baeebf87139a1adb60c1
803,2817,"Prunus ilicifolia, Cherries are an important food source to migrating birds.",51a511ce06b00c2c43c5098c18e7c388
804,2824,"Vancouveria planipetala, 6 white ""petals"" reflex back, with the center of the flower hanging down.",e5ac2c01223dc86ead5bbe8b472ac9e3
805,2825,"Vancouveria planipetala, Tiny individual flowers hang down from slightly hairy, arching flower stalks.",adce0710091e5556098845b990b7252e
806,2826,"Vancouveria planipetala, Basal leaves are roundish, on red stalks.",df755a09923dfc1d6a1a897424a40aec
807,2830,"Layia platyglossa, This inland form has white tips.  Note the 3 lobes at the end of each ray flower .",af5c028e050e7b53ca0d64ec7b85bba8
808,2831,"Layia platyglossa, Below the flower is a cup of green, hairy, round-tipped phyllaries - one for each ray flower .",21f94a477a9207dee9c6d94c5ff16c64
809,2832,"Layia platyglossa, Leaves are narrow, rough and hairy.",f544738b96f5638a6157f206776f3812
810,2833,"Linum lewisii, 5 pale blue petals are yellow at their base and rounded at their tips.",9100e01df5dd60cab48abfa0ed4e5efe
811,2834,"Linum lewisii, Darker blue lines radiate from the center.",1a272ef25e12203ef104d060161d952e
812,2835,"Linum lewisii, Buds hang down but flowers stand erect at the end of slender, hairless stems.  Leaves are narrow.",64f3ff1e157b02775c6f81f9484a2ad0
813,2836,"Phacelia tanacetifolia, An erect stem shows deeply lobed leaves, resembling those of Tansy.  Flowers cluster at the top.",49d91bebe7983d8533886824ffa0f65e
814,2837,"Phacelia tanacetifolia, Blue flowers of various shades are covered in a riot of stamens .",ef123ad07046172cc321ac19b6325f61
815,2838,"Phacelia tanacetifolia, Like other Phacelias, flowers are gathered on a tight, twisting inflorescence .",2a3c8a0a2601fed7d0b5b2a9bd730d15
816,2839,"Clarkia purpurea ssp. quadrivulnera, Sometimes called Winecup Clarkia, petals can be a deep purple.",03d0b7d3b720d8336fe8977c66613d62
817,2840,"Clarkia purpurea ssp. quadrivulnera, Also called Four-Spot, petals often have a dark spot on or near their tips.",05deb5ab29f67daa4df5e6aa873982f4
818,2841,"Clarkia purpurea ssp. quadrivulnera, Leaves are alternate , narrow and often hairy.  Seed capsules are long and narrow.",dadc952a77afdb2955421d4cbdf64fc3
819,2842,"Achillea millefolium, Yarrow has flat clusters of white flowers.",d43c8c9fa5986d20922bec646194eeca
820,2843,"Achillea millefolium, Its leaves are finely-divided.  They smell great when you rub them.",1e583d9397763dc31c62b48e1a14e3a2
821,2844,"Achillea millefolium, Each composite flower has 3-8 petal-like ray flowers and up to 12 disk flowers .",1a4d15ef606f7b3f35bce48651249aa3
822,2848,"Lupinus arboreus, Tall yellow columns of pea flowers rise high over dense green leaves.",a4fc433a38f2f9d29f207ad2333e36b5
823,2849,"Lupinus arboreus, Finger-like leaves are of medium length (1-2""), on short stalks.  They have sparse, or no hairs.",c31e03edf0c76c3e3c75c6b07a8fbf3a
824,2850,"Lupinus arboreus, Yellow sprays make this a prominent plant on coastal bluffs and dunes.",0c7887d7ae2e810eb1139dc46a57aee0
825,2851,"Lupinus microcarpus var. densiflorus, Chick Lupine grows a couple of feet tall, with long clusters of solid white or yellow irregular-shaped pea flowers .",a75a0bf5d277513a04a6467fa2dac5d3
826,2852,"Lupinus microcarpus var. densiflorus, Flowers arrange themselves in beautiful symmetric whorls around the stem.  These whorls turn sideways as pea pods emerge!",8305bf35a219192b0b206bbfc7f7c417
827,2853,"Lupinus microcarpus var. densiflorus, Short, hairy pea pods form a whorl on the side of the stem.",e0d3bea0a2f280005180c85b6338ab86
828,2854,"Asclepias fascicularis, This plant has umbels of pink and white flowers and long pointed fruits that hold many seeds.   Leaves are narrow.",f73ac33e93330748e5273ea43db2624c
829,2855,"Asclepias fascicularis, Five petals point downward.  A special structure above accomplishes pollination by transferring pollen via insect legs as they slip into slits between white hoods.",963e2b3b43aa40fb0c8c237bd4d495e4
830,2856,"Asclepias fascicularis, Seeds grow silky hairs.  When the fruit pod opens, they'll fill the air, floating long distances.",beff91d9e0667467ca6e92faf5a151de
831,2857,"Asclepias speciosa, Opposite leaves are wide and up to 8"" long, ending in a point.  Edges are smooth and wavy.",f47bd81ad1bb00663f9ac7bea8e07b51
832,2858,"Asclepias speciosa, This milkweed has spherical clusters of complex-looking pink flowers.  Petal-like structures are actually nectar baths!",a4c1c03b0e547491c6b7a8bf50a57081
833,2859,"Asclepias speciosa, Many tiny seeds develop in warty-looking sacks, each seed with its own parachute to fly on the wind.",b232f55e953ad326cfc87dc098db42e7
834,2860,"Erodium cicutarium, The flower is small (1/2""), with 5 separate petals and 5 purple-tipped stamens.  The stem is red.  Both stem and leaves are hairy and sticky.",3b411f8ccff95f9080c04519546282d7
835,2861,"Erodium cicutarium, Leaves are twice-divided with rounded lobes .  Leaves turn red after flowering.",2d5b9fd6e35fab100678012087d96645
836,2862,"Erodium cicutarium, Fruits grow a 2"" pointed beak.",6be262121035b7728e31425d0f365194
837,2863,"Erodium botrys, Small flowers have five overlapping lavender petals, purple radiating lines, and yellow center.",889861d36261e166e1a19157a0cdb890
838,2864,"Erodium botrys, Wide leaves have a strong central vein.  Edges have rounded lobes of varying sizes.",b9c894e1ee63b2714c45ac743051ebb7
839,2865,"Erodium botrys, Fruits are topped with a pointed beak up to 4"" tall!",0f37365b86195a5691619c689b7ca751
840,2866,"Crepis capillaris, 10-15 yellow heads are arranged in a flat-topped cluster.  Each head is made up of many flat-tipped yellow florets that point outward like petals.",ca7da69750a813d982182f7af88426a7
841,2867,"Crepis capillaris, Basal leaves and stem leaves have irregularly lobed edges",6cb65cd9dbfe854ab1b4f694a41231e0
842,2868,"Crepis capillaris, The plant grows to 3 feet with many branches.  Smooth Hawksbeard has hairs on its stem.",1a674e6b6f2824c323b8b4441fb7c255
843,2890,"Dendromecon rigida, Four roundish, overlapping yellow petals.  Many stamens.",cc5fc57482f65fe06976ca3f1ea6bc9d
844,2891,"Dendromecon rigida, Fruits are thin and up to 4 inches long.",5d230042b2934a426d32b8c4d573c8db
845,2892,"Dendromecon rigida, Grow in bunches to 10 feet tall.",af3d042b6a2a922a9216d624d5f3f7a9
846,2896,"Navarretia heterodoxa, Small trumpet flowers gather together in a ball about 1"" across. Stamens and pistils stick out beyond the petals.",de8e1adc2e1f3b0ce3409b5e301a7f0e
847,2897,"Navarretia heterodoxa, Flowers are surrounded by layers of bracts , wide at the base and multi-pointed at the top.",d971be8ef869b84e8a27e18a254fcbed
848,2898,"Navarretia heterodoxa, Grows low to the ground.  Smells like a skunk.",da506c47c27710b38ac0eb82e1ce0f9e
849,2899,"Adenostoma fasciculatum, Each flower has 5 separate, cream-colored petals and a dozen stamens .  Leaves are green and needle-like.",996342f49daa43b46565088a7036c59a
850,2900,"Adenostoma fasciculatum, The flowers form sprays at the ends of branches.",5eabc96559c1496209a78e3af7258354
851,2901,"Adenostoma fasciculatum, Stems often have peeling bark and are full of oil which increases fire intensity - an advantage for this plant which is ready to regenerate from burls .",6cb56bf5cbec514b619a9367ec9f203a
852,2902,"Pickeringia montana var. montana, Showy pink and purple pea flowers.",89fa9bff837dc22226ccaf3a267bddc8
853,2903,"Pickeringia montana var. montana, Leaves, less than 1 inch long, in groups of 3s.",cf688435469425ce8a6780724f88fe57
854,2904,"Pickeringia montana var. montana, Vivid displays when in bloom.",3ac842f20814d7b2903138608f44f320
855,2905,"Chrysolepis chrysophylla var. minor, Leaves are leathery and dark green on top.  Underneath is golden fuzz that will catch your eye.",37833985b9fdd70844c8f2e28bda1208
856,2906,"Chrysolepis chrysophylla var. minor, Showy male catkins release pollen to the wind.  Separate, small, tan female flowers tuck in below.",0783ed367433814322f4cc7e2cfd66bd
857,2907,"Chrysolepis chrysophylla var. minor, 2 inch spiny balls cover brown nuts that take two years to mature.",83e5de49a0feb47a4e6477b7ca0362c9
858,2914,"Pellaea andromedifolia, Frond leaflets have rounded tips. They start bright green and turn darker and leathery with age.",42c61a29556dfbe8b3f971e8ad79e83e
859,2915,"Pellaea andromedifolia, Leaflet margins often curl under.",214331e72c64bcd742bded9dc92a3865
860,2916,"Pellaea andromedifolia, The stem is dark and wiry.  It branches several times before sprouting widely separated leaflets.",2579263f999eb3d3a054b864cd56be6a
861,2920,"Baccharis pilularis ssp. consanguinea, Coyote Brush is a leafy, woody shrub.  It's quite common in grasslands, shrublands and the edges of woodlands.",410d4dd14122fed593114fcd4c6dc0ab
862,2921,"Baccharis pilularis ssp. consanguinea, Leaves are distinctive - leathery, oval-shaped, and with triangular teeth along the margins.",1367984609f92e0fb707d7f3bf9e7b1b
863,2922,"Baccharis pilularis ssp. consanguinea, In late fall and winter, female bushes become very conspicuous with their clusters of bristly white seedheads.",b5f2d5ff7360063dc652ccea34c01a22
864,2926,"Arctostaphylos glandulosa ssp. glandulosa, Flowers are small, pale, pink urn shapes, hanging down in bunches.  This subspecies emits oil from glands at the tip of its hairs.",97c419a0fb902788234a8211c8508fd3
865,2927,"Arctostaphylos glandulosa ssp. glandulosa, The inner bark is smooth and red.  A burl at the base helps the plant regenerate after fires.",ef80b10e3a22293fe8aaa2e08a9e76af
866,2928,"Arctostaphylos glandulosa ssp. glandulosa, Leaves and stems are stiff and covered with glandular hairs, which emit a sap-like substance from their tips.",1b6fa2331d07ab6e5db98183207669ec
867,2932,"Toxicoscordion fremontii, Star-shaped flowers cluster to form a pyramid shape at the top of an erect, thick stem.",5dbc42a813e1d7ef007269d660af8212
868,2933,"Toxicoscordion fremontii, Each petal-like tepal is separate and ends in a point.  They have raised yellow dots near the center.  These are nectar glands.",a1b5cddd9868cb20c31ab9d16420e11a
869,2934,"Toxicoscordion fremontii, Flowers grow on sturdy stems that are perhaps 3 feet tall.  Note the long leaves with parallel veins.",51ba7267f79b73f6a1d3a5c8d7e8acb5
870,2935,"Pentagramma triangularis ssp. triangularis, This small (4-12"") fern makes a triangle shape, except that the base of the triangle is rounded.",330c9f2080bc385cf58adb8682f1c702
871,2936,"Pentagramma triangularis ssp. triangularis, The back of the fern is quite pale, and often has a gold powdery covering that inhibits moisture loss.",57757d719d75b7d95d644a2668df3a7d
872,2937,"Pentagramma triangularis ssp. triangularis, It is often found on north-facing slopes, rocky trail sides, and near water.",07e007858461a104aef259d70810c726
873,2938,"Ericameria arborescens, Flowers at the end of many stems.",f86e80985b32edb7a946f596dca765e1
874,2939,"Ericameria arborescens, Leaves long, shaped like curved grass.",ec7b824a75991a12c55738f1dbd5b9a4
875,2940,"Ericameria arborescens, In seed.",6160587ab6d49ec14948632979b47bc4
876,2941,"Eriophyllum confertiflorum var. confertiflorum, Yellow flower clusters grow at the tops of hairy stems.",8492a0c48558e76a45d14c92dda4c197
877,2942,"Eriophyllum confertiflorum var. confertiflorum, Each flowerhead has  4-6 ray flowers (petals) around many disk flowers (central parts).",aecce7956d7f70b0c3bd7091adadc5bd
878,2943,"Eriophyllum confertiflorum var. confertiflorum, Lobed leaves are gray-green on top; white-woolly underneath.",e853773d843ac5eb1b055181be569f80
879,2947,"Prunus ilicifolia ssp. ilicifolia, Leaves are wavy, have spiny margins, and are bright green above and below.  They smell like almonds.",943de9cf80175e03a62aaf4e448b932e
880,2948,"Prunus ilicifolia ssp. ilicifolia, Flowers can fill this tree-like shrub.  Many bees visit for the nectar and pollen.",4d428e73ed0fc3a1ab1b18ef020bcd79
881,2949,"Prunus ilicifolia ssp. ilicifolia, Cherries go from green to red to dark purple.  They're an important food source for birds and mammals.",5d432b14c9470ebbbd6e022a2b2d3ab3
882,2956,"Quercus wislizeni var. wislizeni, Strong central vein on bottom, but no hair along it (Coast Oak often shows hair)",169545a0392a4effcc8a13b4407902de
883,2957,"Quercus wislizeni var. wislizeni, Leaves can be spiny or smooth, even on the same tree.",c09ec02010a17fd0583dfc7b644bef5c
884,2958,"Quercus wislizeni var. wislizeni, Acorns grow from joints where the leave meets the branch.",fe5cbf2aa3d1cad59a163083fc791dbb
885,2959,"Ceanothus oliganthus var. sorediatus, Pale blue flowers form a loose cluster. Leaves are flat and have three veins starting at the base.",a71a16bd9778df023843677f4acc2b2a
886,2960,"Ceanothus oliganthus var. sorediatus, Under the leaves, the veins stand out on a pale surface.  The upper side is glossy dark green.",7d6021534a017706f3c3e71cc91f4cad
887,2961,"Ceanothus oliganthus var. sorediatus, Jim Bush has green, round, straight stems and branches.",900c49a7e7d0a5a3baa0ee2db7bad76d
888,2962,"Pinus attenuata, Bright-green needles are about 5"", roughly the length of the pine cone.",78c00ed4b9af6db9c3d7358d415d8460
889,2963,"Pinus attenuata, Cones are asymmetric and fairly skinny, thus ""attenuata.""  They show raised knobs on their outer surface.",9813394767faa1116c11869dddffdf99
890,2964,"Pinus attenuata, This medium-sized pine tree doesn't release seeds most years.  In response to fire, new trees grow rapidly from seed.",dd39964de77172ffb75bc6a2bf5ecdd6
891,2965,"Quercus durata, Leaves are tough and leathery, curled under, and have spiny teeth on the margins.",a572070540450b7f55894a842423c6ad
892,2966,"Quercus durata, Leather Oak is a dense leafy shrub, and is often found serpentine chaparral .",aa838927c853d11fdd27e46353fe1a3a
893,2967,"Quercus durata, Leaves are covered in hair.  Acorn caps are bumpy and rough.",e57c6bcf4257ccafcbbb4cc489328076
894,2968,"Holodiscus discolor, Many white flowers of 5 petals with long stamens.",1f8da5e3f3285126e17f0694e201d16e
895,2969,"Holodiscus discolor, Flowers in sprays all over the shrub, which can grow to 10 feet and more.",283872c33dc3c32d8701ef4ed26788fe
896,2970,"Holodiscus discolor, Leaves show strong veins, indents on edges and are often limp.",e04d5cae445ddba6564601ad41e34015
897,2971,"Lepechinia calycina, Evergreen leaves are coarse, bumpy and hairy.  The flower is an open trumpet shape.",3126bd9811f965f0e17551091bde0228
898,2972,"Lepechinia calycina, The flower's bottom lip is larger than four others that curl back.  Brown papery sepals protect the base of the flower.",65f3c2316b1ea4e819cfc4a24303b719
899,2973,"Lepechinia calycina, Crinkled leaves are opposite and have indented veins.  Flowers grow along the top of the stem.",0124105c7fc48584f86a772700f8678a
900,2980,"Arctostaphylos andersonii, Smooth leaves have ""ears"" at the base that overlap the stem.  They're pointed at the end.  Notice the small teeth along the edge.",bb1cac62cc38d7ee6116e89c9a5b901b
901,2981,"Arctostaphylos andersonii, Long leaves, up to 3"", curve upwards.  The center vein protrudes from the bottom of the leaf.  Pale pink urn-shaped flowers hang from branching stalk-like pedicels .",fe6ba0b2762f09e6b76481050b0039f7
902,2982,"Arctostaphylos andersonii, Large trunks tend to be smooth and can grow to tree height.",ba88e48f2c7f0467b1d88a3a18241370
903,2983,"Chlorogalum pomeridianum, Delicate, fragrant flowers bloom only in the afternoon and evening, withering after one day.",a7bd2116172099d1c05a3d318e5741a0
904,2984,"Chlorogalum pomeridianum, Leaves are mostly basal , with Wavy margins.  A branched flower stalk supports many flowers.",f1df6ee4526d4364856074a337ce70e4
905,2985,"Chlorogalum pomeridianum, Soap Plant grows from a bulb, which gives it an advantage regenerating after fires.",c7b31ea8e777f81ef04d238e701fe6f3
906,2986,"Diplacus aurantiacus, This common shrub has many orange trumpet flowers.  Feel the leaves - they're sticky!",ed604eeb48d5bc1e8e18e612d1c2f35a
907,2987,"Diplacus aurantiacus, Leaves are opposite .  Flower stalks (pedicels), at leaf nodes , support orange trumpet-shaped flowers.",cae4ca2a30fd809ea7e007f45ed6d363
908,2988,"Diplacus aurantiacus, Leaves are dark green, leathery, narrow and sticky.  Their edges often roll under.  The underside is a lighter color and hairy.",839913d086dd09abc40e2b78fb19655d
909,2989,"Heteromeles arbutifolia, Shiny, dark-green, toothed leaves and large clusters of red berries make this plant easy to spot.",81b489dd9fc1bcb971f5b54f9240b302
910,2990,"Heteromeles arbutifolia, White 5-petaled flowers cluster at the end of branches in summer.",dbaf1e463cc56808779268d9ba51eb66
911,2991,"Heteromeles arbutifolia, Flowers turn into orange and red berries, which stay on the plant well into winter.",8e53b6385056da8b97c530b70d58ba76
912,2992,"Ceanothus papillosus, Leaves are densely hairy, warty, and have their edges turned under.",14b2111b2e483796fa78531266454b66
913,2993,"Ceanothus papillosus, Flowers are in tight clusters of deep blue petals and yellow anthers .",1ac98f85cf6aba36723c1678a7a28798
914,2994,"Ceanothus papillosus, Found in open places on the slopes of mid-California coastal mountain ranges.",e660db33d08de7ee767f79172a5816a6
915,2995,"Castilleja foliolosa, Fuzzy, long, thin, cupped, pale green leaves.",969838919d7213147208142f4ba90c00
916,2996,"Castilleja foliolosa, Flowers on the end of stems less than 1 foot tall.",3b9f7562ce315e001cfff913cca838db
917,2997,"Castilleja foliolosa, Flowers orange and red.",512350432cb03e0d612e304556f7481b
918,2998,"Eriodictyon californicum, Yerba Santa is an evergreen shrub with long, narrow leaves and a cluster of beautiful trumpet flowers at the top.",3beb6047d543e5cdeec43d75223c1876
919,2999,"Eriodictyon californicum, The leaves are distinctive - long and narrow ending in a point, leathery, with serrations and often showing black spots.",a50adcda71a006e2e0928f93b289b78f
920,3000,"Eriodictyon californicum, Trumpet flowers have nectar at the bottom which attracts butterflies and bees.",c24d3001312106b22cd50bbbef289aea
921,3001,"Abies concolor, Needles connect in a spiral around the twig, but twist to form two ranks - either spread out as here, or turning upwards.",407097485e5f3f727ff8c4dcac6e9afb
922,3002,"Abies concolor, Needles are 1-3 inches long.  You can feel the flatness of the needles if you roll one in your hand.  Columnar cones point up.",cd0c573f518cb04bcd9b86b448ff7727
923,3003,"Abies concolor, White Firs grow in a narrow cone shape - good for shedding snow.  Branches often stay green all the way to the ground.",9f0db9260b1188d55f3cb5716c3cf9b7
924,3004,"Abies magnifica, Short, stiff needles twist upward.  This twisting makes them look a bit like a hockey stick.",e8304fe7de716edf50932ca2d4d1261e
925,3005,"Abies magnifica, Mature needles in cross section are triangular or square.  They roll easily in your fingers.  White fir needles are flat and don't roll easily.",d4a8c56b72107fd9486df638b0f5fd13
926,3006,"Abies magnifica, Large cones, 4-8"" tall, stand erect from upper branches.",c8f992af5023968675dbbbbabdf0721e
927,3010,"Acacia dealbata, Flowers are spherical yellow balls.",67f11f598e047a0afac07b0f0e02f224
928,3011,"Acacia dealbata, Leaves are feathery, blue-green to silver-grey.",d7e9888cfacce08cf1bcb7d2e800596f
929,3012,"Acacia dealbata, Can grow to 90 feet tall with lots of yellow flowers.",c36cd000af547556f5ac64c664509747
930,3016,"Acanthomintha duttonii, This mint flower is small, with 2 slightly overhanging upper lobes and 3 larger lower lobes.",875965d15028be4de556765fffe144ce
931,3017,"Acanthomintha duttonii, Several flowers nestle in spiny bracts at the top of the plant.",224a35832ee9a1382d9269af68b70e62
932,3018,"Acanthomintha duttonii, Leaves are opposite. Bracts are spiny.  Flowers group at the top of an erect unbranched stem.",32b5e91b3ba88008ab9cb3acd0ae23d1
933,3019,"Acer glabrum, Small Maple leaves with three deep lobes.  Serrations on the outside of the leaf.",64c8ac720cecc90b5a12b5ba2b085be8
934,3020,"Acer glabrum, Fruits are two-winged like other Maples.",edf497b24227e115fccdd09861e687b8
935,3021,"Acer glabrum, Large shrub or small tree, generally found on mountain slopes.",ed7af1d22f820303032eb267df7f03a0
936,3037,"Acmispon parviflorus, Multi-color pea flower",931ee4a6ee2d596cdaf6fd51892a8900
937,3038,"Acmispon parviflorus, Flower at the end of the stem",c03fece1fd731e4c660e43634201f5e5
938,3039,"Acmispon parviflorus, Leaflets are longer then wide, pointed at both ends, and often in groups of 3.",3fb51c638b0d86c74ef353a1c9cad1b4
939,3049,"Adenocaulon bicolor, Look for big heart-shaped pointed leaves at the base of the plant.  They're pale and fuzzy underneath.",5aa11087d8ebab355144269cd1e5f4f1
940,3050,"Adenocaulon bicolor, Tiny Aster flowers are surrounded here by cylindrical fruits.  You'll have to look closely to find them.",5cfc55709b9402cb63e04f13940bf29b
941,3051,"Adenocaulon bicolor, Trailplant grows low to the ground in forests.  The wide pointed two-colored (bicolor) leaves are distinctive.",83c222090badf69e3877ae3caf5f29ac
942,3055,"Adenostoma fasciculatum var. fasciculatum, Each flower has 5 white petals and long stamens .",22b89b6ff7b724b87375d6c0ac5bb128
943,3056,"Adenostoma fasciculatum var. fasciculatum, Chamise produces sprays of dozens of small (1/4"") flowers.",964c3a11520a884b53ed32cb6c70d0fc
944,3057,"Adenostoma fasciculatum var. fasciculatum, Stems often have peeling bark, and are full of oil which increases wildfire intensity - an advantage for this plant with burls that can send up new shoots immediately after.",6cb56bf5cbec514b619a9367ec9f203a
945,3058,"Adiantum aleuticum, Fronds emerge from a curving stem to create a finger effect.",5e18d519fdf69512073a8d82f864c78e
946,3059,"Adiantum aleuticum, Fern segments have cuts along one side.",c5d6161f69c8854c3a1d70871f961175
947,3060,"Adiantum aleuticum, Stems are dark and shiny and grow to about 2 feet tall. Fronds go in separate directions as the stem branches and curves.",524426320a701dae582d5c4320259d97
948,3061,"Adiantum jordanii, Brown stems are about 1 foot tall, with half-circle ""leaflets"" loosely arranged along them.",5887e2aba628485643238dace130467c
949,3062,"Adiantum jordanii, Stems curve gracefully.  Small leaflets have many radiating veins.",96a16446498a0f17adda42856966bde8
950,3063,"Adiantum jordanii, Maidenhair Fern hangs down along moist banks and rocky walls in a graceful display.",f5321dd613b3a33b71c83d8aaf59ed76
951,3064,"Aeonium arboreum, Gorgeous 10-petal yellow flowers form a large cone on a erect stalk, several feet above the ground.",d5bac78ec8b1fec9e66363a385ee336e
952,3065,"Aeonium arboreum, Green or purple succulent leaves are glossy and have curly-cue ""eyelashes"" on the margin.",12a32ed70f43e735cbf28ec1f812e787
953,3066,"Aeonium arboreum, This garden escapee survives in several coastal environments.",8bfd08b2437b6e837548ca374208d599
954,3073,"Ageratina adenophora, Many flower heads, about 1/4"" across.  Lots of stamens.  Brown seed.",630fa46fe6bfa8a20909971e6774e0d1
955,3074,"Ageratina adenophora, Serrated arrow-head shaped leaves up to 4"" long.",23030d0da4c096e0dd98ae2d20d141cc
956,3075,"Ageratina adenophora, Flower heads grouped at the end of stems, well above the leaves.",f7e6dd634357a01dd8ab6aaa06a19b05
957,3076,"Agoseris apargioides var. eastwoodiae, Outer petals often have a purple tinge on the bottom.  Flower base is rounded and, hairy.  Green phyllaries are short and round-tipped.",bd8354b769208545a23ca7f20dd9fb71
958,3077,"Agoseris apargioides var. eastwoodiae, Basal rosette of leaves is hairy.",3c374294dcb92dc175395160db08575e
959,3078,"Agoseris apargioides var. eastwoodiae, Often found in coastal sand dunes.  Flower stems may be buried in drifting sand.",940069447db046abf69b8c56dc9489e2
960,3091,"Agrostis hallii, The inflorescence is tall, with fairly long, ascending branches.  Many spikelets lie close on each branch.",a78b4201d76f3c16ef291e8788925b76
961,3092,"Agrostis hallii, Spikelets are quite small, less than 1/4"", and without awns .",5a65892d82cd8d2f7583eff9a5c91426
962,3093,"Agrostis hallii, Leaves are flat and narrow.  They can grow to 8"" long.",4d480f8c6632a167a67e0e69e04d173d
963,3094,"Agrostis pallens, Grows to 2 or 3 feet tall with a branching inflorescence at the top.",0771b33138fd4f186625f14ce08824fd
964,3095,"Agrostis pallens, Leaf blades are flat or cupped.",1adf19dee9dc746e03dded40761d180a
965,3096,"Agrostis pallens, Flowers branch near the top of the stem.",4efd41ed5483e15e0bcd77a9a82b175d
966,3097,"Aira caryophyllea, Thin stalks are generally longer than the spikelets , creating a beautiful display of spikelets apparently hanging in space.",303ba0e10da045d6fff71d035486da9c
967,3098,"Aira caryophyllea, Glumes are translucent, making them shiny.  Bent awns emerge above the spikelet .",9c7a42925db5af1b1e511579226bb41e
968,3099,"Aira caryophyllea, Light-green leaves grow up to 6"" but are narrow and often inrolled .",a85f4dd1751de83a4a071dc664d3e0c7
969,3100,"Allium campanulatum, 6 separate pointed ""petals"" can be a variety of pink patterns.",ce421c9092b6b131419ff7021283145b
970,3101,"Allium campanulatum, Flowers are connected to the stem top with long stalks.  Note papery bracts below where the flowers connect.",1fa564cbb287ed742f956bf515177018
971,3102,"Allium campanulatum, Long narrow basal leaves smell like onions.",a14ea22277577fbae4f0acd8c8d3f758
972,3103,"Allium peninsulare var. franciscanum, Flowers cluster in an umbel at the top of the stem, wrapped in a paper-like sheath.",72394d91587745464855f50199b28b2c
973,3104,"Allium peninsulare var. franciscanum, Pointed flower ""petals"" are in two whorls of 3.  The outer whorl, technically sepals , is longer.",df5836f640bf8fc36695ea475e862e5d
974,3105,"Allium peninsulare var. franciscanum, Narrow parallel-veined leaves are up to two feet long and smell like onion.",099fb86aa3c832264e569c58b00ad755
975,3106,"Alnus rhombifolia, Flat leaves.  Small teeth on rounded or slightly undulating edge.  Stem zigzags slightly",19f0e9de8b4184d00b740558ede12a55
976,3107,"Alnus rhombifolia, Female catkins drop their seeds in the fall, become black and stay on the tree another year.",2603a101592f54c4560bffcb0aa80b92
977,3108,"Alnus rhombifolia, Pale grey bark.",ba4fe52ced47aeaad598a29178571110
978,3109,"Alnus rubra, Leaves are wide at the base and come to a point at the tip.  Leaf edges are toothed with strong veins going to each tooth.",f2b20ac61ece6ced74a49a653ad86246
979,3110,"Alnus rubra, Here you can see the white bark of Red Alder, which is often bigger than the other stream-side vegetation around it.",2a8d16624f020e972fddbba38a117396
980,3111,"Alnus rubra, A deciduous tree with white bark, Red Alder stands out in the center of this picture.  Creek dogwood below and to the left has red twig tips.",08ce24d53665fdb286f3b094e0d8a70a
981,3112,"Alyssum simplex, This small plant has clusters of very tiny flowers at the top of an erect stem.",73da82190a2bec2a7dbb5f8fc48e37ba
982,3113,"Alyssum simplex, Fruits are flat and round.",d64e1d5ff4ce2ed1f5ad1f1d68aca480
983,3114,"Alyssum simplex, Leaves are oval and smooth-edged.  Columns of small flowers are surprisingly showy.",9b0680d0f9a448436ad29904f7851f6c
984,3115,"Ambrosia chamissonis, Hairy, pale leaves vary in shape but are often deeply lobed.  Separate male and female flowers appear on the same plant (monoecious).",c1978a7d61c13a58a00d7df9efd6a9dc
985,3116,"Ambrosia chamissonis, Yellow stamens peek out of male flowers at the top of the inflorescence .  Look for the brown burrs of the female flowers below them.",434727bf4b1961b2ea93163e0d74bca8
986,3117,"Ambrosia chamissonis, This plant is very common along the coastline from Alaska to Baja California.",475109cf61939c3aa941148ac581c8f3
987,3118,"Amsinckia spectabilis, Found in sandy soil, often near the coast.",fb55219dcde0daa3273087afa8c7b6ed
988,3119,"Amsinckia spectabilis, Coils of flowers in a fiddleneck - similar to young ferns fiddlenecks.",782e279ee73cae9cf9733380a7aee0bc
989,3120,"Amsinckia spectabilis, Grows to 1 foot tall",fda24f31a6dffb71950a696c48fc5f1f
990,3124,"Ancistrocarphus filagineus, Woolly Fishhooks is woolly and has fishhook-like spines in its flower head.",8ecf590530bece74a6e8779d9828988f
991,3125,"Ancistrocarphus filagineus, Green bractlets with fishhook-like tips surround 2 or 3 central male flowers.  Separate female flowers radiate below them.",595bfe92b746c297d3a5acf538d42282
992,3126,"Ancistrocarphus filagineus, This plant is easy to overlook - it grows less than 6"" tall and the flower heads are about 1/5"" across.",14d4d29d8eadbebd660c181fdb7173a2
993,3127,"Anemone grayi, The flower has 5 or 6 white or blue ""petals"" and tall stamens reaching above a cluster of green pistils .",af7e8d0ad4e61cd7623b74ba07c44815
994,3128,"Anemone grayi, Leaves are deeply divided and radiate sideways below the flower.",e30d250bc7a800351da68370c09c5e07
995,3129,"Anemone grayi, Found on moist shaded evergreen forest floors.  A single flower sits atop a 12-inch stalk.",c41a44cba116fb64403a8694543bb080
996,3130,"Anemone oregana, 5 - 7 separate petal-like sepals can be a variety of colors.  Each flower gets its own stalk rising from near the ground.",81c1bb1f2c6270e328f70dcdf4193337
997,3131,"Anemone oregana, Many tall stamens reach above a cluster of green pistils .",f4ce3a883f7e6a264c9db600a86a1089
998,3132,"Anemone oregana, Leaves are deeply divided and form a green bed below individual flowers.",63ad378340ecad03bd61d7706eac2bc9
999,3133,"Anemone oregana var. oregana, The Anemone's 5 - 7 separate ""petals"" can be a variety of colors.  A single flower sits atop a 12 inch stalk.",81c1bb1f2c6270e328f70dcdf4193337
1000,3135,"Anemone oregana var. oregana, Leaves are deeply divided, and radiate sideways below the flower.  Grows to 12 inches.",63ad378340ecad03bd61d7706eac2bc9
1001,3136,"Angelica breweri, Spherical clusters of small white flowers form an umbel .",1b037c332390179c78a7436e3ab27ede
1002,3137,"Angelica breweri, Leaflets are narrow, opposite, toothed, and sometime have an extra lobe .",13126b81af1242ddf0d2debe55661f88
1003,3138,"Angelica breweri, Note the sheath over the stem where the leaves connect.",7cf811b4a33ec971e8d427145f929eca
1004,3139,"Anisocarpus madioides, Look for a sticky rounded set of green phyllaries under the flower, and yellow ""petals"" in groups of 3.",58c0a919b8700234b9b2b3abf5a5825e
1005,3140,"Anisocarpus madioides, Each group of 3 ""petals"" is a separate ray flower .  In the center are many disk flowers .",a8d2b075fdc7e9758b041738f5a12729
1006,3141,"Anisocarpus madioides, This herbarium sample shows long opposite leaves getting shorter higher on the stem.  Grows to 3 feet tall.",1e049079afd7e9d23fc6c7dfcdc1f80a
1007,3142,"Antennaria media, Several fuzzy flower balls sit atop a short (4"") stem.",f30d37ffbd76d3a8601e5fcecf851559
1008,3143,"Antennaria media, Leaves are fuzzy.  Leaves on the stem tend to hug it.",0d3dd7da10251590b9e9c647dad59616
1009,3144,"Antennaria media, Grows in low mats in alpine areas.",3698fa7daf9b4746da33f98a754b3d9c
1010,3145,"Anthoxanthum occidentale, Glumes are roundish, almost covering the florets .  Flowers are large for a grass.  A pair of white stigmas stick way out of the fertile floret .",bf9e0a735de9dd32a0d90be827ee3117
1011,3146,"Anthoxanthum occidentale, The inflorescence is loose and drooping.  Flower stalks are wavy (not straight).",bddc3c7716b6d9373826b081f93d8d57
1012,3147,"Anthoxanthum occidentale, Fairly wide pointed leaves grow upwards from near the bottom of the stem.  They're stiff, widest in the middle, and grow to 12"".",279b8d4b7fe43f2a9ef94463913df125
1013,3148,"Antirrhinum confertiflorum, An outer layer of maroon spotted, deeply lobed petals surrounds an inner darker-colored lip.  Leaves are narrow and hairy.",cb611f0d157aa956f1a16186e72a6781
1014,3149,"Antirrhinum confertiflorum, Leaves are opposite near the base and alternate higher on the stem - a characteristic of the Plantain Family.",b8ebe9e3bb7fdf2ebcec181f517750ee
1015,3150,"Antirrhinum confertiflorum, Found in gravel and on sand, this plant can grow to just over 1 foot tall.",4f2711971207562d2b12dc19376c07dc
1016,3151,"Aquilegia formosa, Dramatic red and yellow flower, with ""tails"" pointing behind where the flower joins the stem.",b9a189902fb2c7d0b3eb646742b9880e
1017,3152,"Aquilegia formosa, Flower in 5s, red behind, often yellow below, with large yellow stamens sticking out.",4cce040cd42ec4b91abd382cfe0027a5
1018,3153,"Aquilegia formosa, Leaves grow from the base of the plant on fairly long stalks.  They're roundish and lobed .",c343b738f12cdde1e8748bd7f9625bcb
1019,3154,"Arabis blepharophylla, 4 rose-purple petals in a cross shape.",cd177744a9e8f522ad95c67b3780c4e1
1020,3155,"Arabis blepharophylla, A few leaes on the stem, most at the base.",78a1424d562408cc6dfb761dfd9541b3
1021,3156,"Arabis blepharophylla, Rosette of basal leaves",04c3e9f7f30431b2bcd9ae64664d3164
1022,3157,"Aralia californica, Spherical clusters of small flowers on tall stalks rise above large compound leaves .",2b6fd6f15850fa1f30e944ce3c4ac0ae
1023,3158,"Aralia californica, Leaf groups can be over 1 foot long.",8bbb32291b60a1ec8b1225873ca7a26d
1024,3159,"Aralia californica, Closeup of flower shows a ball-like cluster of tiny flowers at the end of a flower stalk.  These turn into dark purple berries.",90f95e418bf3bc7d7378d7a6781415c8
1025,3175,"Arctostaphylos crustacea ssp. crinita, Stem and leaves have long and short hairs. Bracts behind the emerging inflorescence are leafy and recurved.",a5500ef97398ec1b56c022856de66001
1026,3176,"Arctostaphylos crustacea ssp. crinita, The bottom of the leaf is lighter than its top, and quite hairy.  Bright red berries are dented spheres.",4e12df3008f254ff2157b5f588c1cb6a
1027,3177,"Arctostaphylos crustacea ssp. crinita, Lots of long leaves make this a hedge-like shrub.  Notice the prominent burl at the base.",16f56a4d30fa7efc065f98b19d150b9a
1028,3184,"Ivesia gordonii, Yellow flowers on erect, naked stems.  Leaves resemble mouse tails.",e073e8cf9b37040664fc07eb8e73a423
1029,3185,"Ivesia gordonii, Yellow petals are surrounded by triangular, green sepals .",29fba69320eba85ded32270fc2911bdc
1030,3186,"Ivesia gordonii, Grows in tufts in rocky areas in mountains.",9b47cee73f03cceb8b948306b9bf0297
1031,3190,"Veronica wormskjoldii, The upper petal is a bit bigger.  2 stamens stick out above the petals.",1f36c77795692bef2def134bf8d3f107
1032,3191,"Veronica wormskjoldii, Opposite leaves.  Flowers on stalks from leaf axils and tip of stem.",bf18c32ca48cd41bdd4ab7bf41ff929c
1033,3192,"Veronica wormskjoldii, Found in moist alpine meadows and understory.",02ae63fa6fc04f12c99dfd65e8d70885
1034,3193,"Bistorta bistortoides, Densly packed cylinder of small 5-petaled white to pinkish flowers at the top of a stem that may reach 18 inches.",1ddb10136eee9b6d75bf4dd7561043c9
1035,3194,"Bistorta bistortoides, Can grow in dense patches in meadows.",c818437301ff3c4c06329c4c3df7271c
1036,3195,"Bistorta bistortoides, Leathery basal leaves can grow to 3 feet long.",482db8d5b9306efd74855a09034ff523
1037,3202,"Delphinium andersonii, This side view shows the purple delphinium spur to the right and long blue ""petals"" pointing up and down.",9989a157e6653983f1dcf71c491c59ee
1038,3203,"Delphinium andersonii, Leaves are deeply lobed , often with fat ""fingers"" on each lobe.",a65f0dfccff4f2be57784f60dda28726
1039,3204,"Delphinium andersonii, Erect stems end in dense cylindrical clusters of Larkspur flowers.",8148b468a4be36017e163df84153b5d7
1040,3205,"Trifolium andersonii, Flower heads, less than an inch across, nestle in hairy leaves.",0ec6395b20c2c1c5c6bdc0429f161557
1041,3206,"Trifolium andersonii, Leaves are palmate , often with 5 leaflets.  Woolly hairs make them look silvery.",1ba09330645702c0c33212d664a18bd4
1042,3207,"Trifolium andersonii, This clover forms a cushion, close to the ground.",8b40a3353d7c630e260995bbd0a0a648
1043,3211,"Pedicularis attollens, The flower has a curling upper lip, like an elephant's trunk, and a three- lobed lower lip.  Two dots look like the elephant's eyes.",810d1862c6bfb921965b47f7b3fd719d
1044,3212,"Pedicularis attollens, Flowers are surrounded by hairy bracts .",345a5ba01e0b5b6ea7a98d6bed490d12
1045,3213,"Pedicularis attollens, Flowers form a dense cylinder on a leafless stalk.  They're found in meadows and beside streams.",3f3131610317bba1adfa0ac48eb284b4
1046,3214,"Downingia bacigalupii, Look for two re-curved upper lobes and 3 fused lower lobes, with a yellow and white decoration.",e9e7591adc1a2d771d137e708cce605e
1047,3215,"Downingia bacigalupii, Leaves are somewhat succulent and pointed.",8c22cd980c587f09bf4109c7a8075b9e
1048,3216,"Downingia bacigalupii, This plant often grows in large communities, frequently near vernal pools.",e449c1d4b0d47559f6171eb1c01d90a6
1049,3235,"Lupinus latifolius, The inflorescence can get really tall - up to 2 feet long.  Flowers have an open arrangement.",b08dfee8ea259695bd6aad41e8934a5c
1050,3236,"Lupinus latifolius, Broad Leaf Lupine has broad leaves.  They feel rubbery on top and slick underneath.",dd3878310b906b78c5f633b503cf6eb2
1051,3237,"Lupinus latifolius, Leaves (up to 4"" for each finger on stalks up to 8"" long) dwarf the individual 1/2"" flowers.",34b3f8b974fc4100ae67b0a32e71ac52
1052,3247,"Rosa californica, This fragrant rose flower has a single layer of five floppy petals.  They surround dozens of yellow-tipped stamens .",7274e1ec062b74a6303d35a320739dc1
1053,3248,"Rosa californica, Compound leaves have 5 to 7 leaflets.  Each pollinated flower creates one red rose hip, with left-over flower sepals protruding from the end.",c7432c226824d197e7fe760374b2139f
1054,3249,"Rosa californica, Prickles grow out from the stem; large, flat and often curved.",aef53e87bdf92674ec540db2a4cdadfe
1055,3250,"Typha latifolia, Male flowers form a narrow, tan spike at the top of the stem.  Female flowers form a wider, brown spike.  The spikes are close to each other.",10db9a36dc6d24fcbfe2f147a90feecc
1056,3251,"Typha latifolia, Seeds are borne on the wind, as with dandelions.",b900f49cfa4c0f1986b7db954adb9979
1057,3252,"Typha latifolia, Cattails grow to 10 feet high, always in or near water.  Leaves are about 1""",f4c80f7893371bddf5bb3d5c1a6db8c1
1058,3259,"Trifolium wormskioldii, Flowers are rounded, made up of many purple-pink petals, often with whitish tips.",a85466ded66b13a446880eb4fdab640f
1059,3260,"Trifolium wormskioldii, This closeup shows many pea-shaped flowers in a cluster, to form the clover round shape.",1e1d0ae632ff315bb89ff45284bb97b7
1060,3261,"Trifolium wormskioldii, Leaves in 3s (hence Trifolium )",9f9e380c3d23d4ff8bcfb0576708aa71
1061,3265,"Cirsium occidentale, Cobweb Thistle gives a white or grey appearance, due to its long hairs.",6788edf4ce7b8bf15f14e29ac0fd62f0
1062,3266,"Cirsium occidentale, Notice the flower base which is spherical, hairy, and spiny.  Flowers can be red, white, or shades of purple.",7c474c000f317e790adbe8cb9383e30c
1063,3267,"Cirsium occidentale, Basal leaves are spiny and hairy, spreading out from the stem.",b0849695d67bffb2cba09fcd5e2cb012
1064,3274,"Phleum pratense, Timothy has a dense, narrow spike of tiny spikelets with no obvious awns .",68ce0c9a538bf1daeb1e788b9ebc0195
1065,3275,"Phleum pratense, Leaves are long and drooping near the bottom of the stem and are shorter and ascending near the top.",19d009f4db3f4ede080bc084306305b9
1066,3276,"Phleum pratense, Unbranched stems sometimes grow in bunches, and sometimes singly.    They're hairless but rough-textured near the spike .",0485f9af4dabedfc51b7ab546e6d4403
1067,3292,"Platanthera sparsiflora, Green flower.  Complex orchid shape.",e573ca40d25ef29ad2c6d16c1e28fb47
1068,3293,"Platanthera sparsiflora, Note the spur that sticks out behind the blossom.",a4ba0315254a7abde7e424a5bb236253
1069,3294,"Platanthera sparsiflora, Spike of green orchid flowers grow up to 2 feet tall, above 6"" narrow, pointed leaves near the bottom of the plant.",9ac0a1d78a257d0d884c25cb3900b132
1070,3307,"Gentiana newberryi, Spotted inner petals, with whispy ""threads"" between the petals.",877ad835c474976fc9eba32c43536632
1071,3308,"Gentiana newberryi, Curving long leaves end in a point.  Outer petals have purple stripes.",c670d7691a5d1baf20f25f95e5ad9aaf
1072,3309,"Gentiana newberryi, Grows to about 6 inches, often lying along the ground.",e445093e6bcf8c510b81086a143ccae0
1073,3322,"Sorbus californica, Compound Leaves are soft with toothed edges and rounded tips. Flowers are clustered on branching stalks ( pedicels ).",a1f6a8334040da4cff5cee2b53813ece
1074,3323,"Sorbus californica, Flowers are in clusters, each with 5 white separate petals and long stamens .",848ebb2b7e24c160af82c3db4ff5dfc1
1075,3324,"Sorbus californica, Fruits are orange or red, and round.",8009ccc756ada75d5129697709d59b4c
1076,3328,"Corallorhiza maculata, Dark petals and sepals open to present a white lip, often with spots.",b3ea739bad79d01e51a7cf9004ad414b
1077,3329,"Corallorhiza maculata, A dense spike of read and white orchid flowers decorate a red stem.",3285c467eb1b2653925ad20ae605b55c
1078,3330,"Corallorhiza maculata, It grows in shaded evergreen forests in decomposing leaf litter.",5e03cd108027be1d7c56880c59bc8eaf
1079,3340,"Chamerion angustifolium, Fireweed shows a tall, conical flower cluster, with flowers blooming from bottom to top.",5938b8a614c2ce9e890c41a73211ae4c
1080,3341,"Chamerion angustifolium, 4 paddle-shaped pink petals are separated by 4 narrow, darker sepals .",8311b193c78e96baea6ea63b4654218a
1081,3342,"Chamerion angustifolium, Often seen in colonies, fireweed shows a large, pink display over narrow, pointed leaves.",9c3ed96cce540dd003d5f19a2b7f7e4e
1082,3343,"Castilleja miniata, Large flower tubes are up to 4"".  Flat narrow leaves above, wider leaves below.",b7ca23e58b80eace40c493a52d84bbc1
1083,3344,"Castilleja miniata, Yellow and red petals extend beyond red bracts .",900bee71d15c392055150e7ae9bc9f39
1084,3345,"Castilleja miniata, Great Red Paintbrush is showy, found in damp areas, and grows over 2 feet tall.",7d6827289e93aa28adbcdf62495430dc
1085,3346,"Rhododendron columbianum, Each flower has 5 white Rhododendron petals, green centers, and long stamens .",77081adc138e6e558b0c81a124a5d104
1086,3347,"Rhododendron columbianum, Flowers in groups of 10 to 30, each with a long stalk ( pedicel ).",395c307beacf26e57c3b6939057bc3e2
1087,3348,"Rhododendron columbianum, Evergreen leaves are fragrant when crushed.",9c924da29f540e61993368b157493557
1088,3349,"Spiranthes romanzoffiana, A spike of white orchid flowers arranged in a spiral.",5f741bba02a17c6db3291ec0362dd5d2
1089,3350,"Spiranthes romanzoffiana, Large leaves at the base with parallel veins.  Thick stem supports the flower spike.",d3297cb521fc2f844d76de00540fbc66
1090,3351,"Spiranthes romanzoffiana, A group of plants growing from tuberous roots.",abba841cbd2a0a669e59cc8043390dab
1091,3352,"Pinus contorta, Needles grouped in 2s, 1 to 3 inches long, commonly twisted.",581223fb9aed2454b817f55b11e7495c
1092,3353,"Pinus contorta, Pine cones to 2 inches, with a long prickle at the end of each scale.",24496561ecd5eeaeb718c5b5a37e1c5d
1093,3354,"Pinus contorta, Corn-flake-like bark is dark brown, thin and flaky.",ba41502cca5fc1ea8b4fc46bcec23f4c
1094,3355,"Penstemon newberryi, Flowers a tube ending with two petals above and three below.",0fb8223b7747b2b80a67fb312b9cf1fa
1095,3356,"Penstemon newberryi, Small, thick, roundish opposite leaves.",06ba224d33dc70f0dcc8482a39a94e2e
1096,3357,"Penstemon newberryi, Long pink to purple tubes with white accents.  Found in rocky areas.",a864c8f46e7c34b413ab5324801916de
1097,3361,"Sedum obtusatum, Red stems and yellow flowers",504da4bf4e9192d145e075220a849c75
1098,3362,"Sedum obtusatum, Yellow patch is Sierra Stonecrop.  Purple patch above is Mountain Pride.",97b4412617e116c16836984255d1a8a3
1099,3366,"Phlox diffusa, White or pink petals are separate, and remind me of a pinwheel.",db8fcdf3c8299c8b5998eb67502bd1ba
1100,3367,"Phlox diffusa, Leaves are short, thin and pointed.",422e14378c170ac4adcdb6ffefba4d4b
1101,3368,"Phlox diffusa, Flowers face up, directly above a tight, low cushion of needle-like leaves.",2ecb4209ece79a5ff8fa3847dc1c0e63
1102,3369,"Eriogonum umbellatum, An umbel of spherical flower groups at the top of the stem.",a9e0d52dbd343afc596bd843546c3445
1103,3370,"Eriogonum umbellatum, Flowers form above low-lying fuzzy leaves.",c91d65077f15842248e1e921cdc10748
1104,3371,"Eriogonum umbellatum, Although mostly yellow, Sulphur Buckwheat comes in other colors too.",93a5b414841726257bbacb43ca6f84dc
1105,3375,"Pteridium aquilinum, The overall shape of Bracken Fern fronds is triangular.  Each segment of the fern is also triangular.",5e64d3c829ec030ccd5e05f11ee7e393
1106,3376,"Pteridium aquilinum, Each lobe is rounded and smooth-edged.",fd44914f2b65612dc160862c84c66318
1107,3377,"Pteridium aquilinum, Bracken Fern stands erect, aided by ribs along its stem.",d901d1991b004c51add2461da4bac80d
1108,3378,"Ranunculus cymbalaria, Buttercup flower with 5-8 petals.  The central area becomes a cylinder of tiny fruits.",6c77eca63c319179f9e7c7305a1fd9f6
1109,3379,"Ranunculus cymbalaria, Leaves vary in shape and are sometimes notched.  They're larger near the base of the plant.",fb350ce0f0f434a6c28e1f882cb5ab0f
1110,3380,"Ranunculus cymbalaria, Found in wet areas, often in dense patches.  Often grows low to the ground but can grow erect to over 1 foot tall.",d0a49a62957ca20a14f255a1cdd56f6c
1111,3390,"Carex amplifolia, Flower spikes grow out of leaf joints in the stem.",d52717b818a789176cd93003a286d65f
1112,3391,"Carex amplifolia, Flower spikes can be 5 inches long, made up of hundreds of tiny flowers.",47cefbb6ebf082862a9b4eb3077b4a30
1113,3392,"Carex amplifolia, Leaves almost an inch wide.",9690c1fc4ba318eace82dfed93251df7
1114,3402,"Juncus balticus ssp. ater, Flowers cluster at the top of the stem, with a stem-like bract extending above.",2c843357be5b6d0a197dab59d246d13c
1115,3403,"Juncus balticus ssp. ater, This closeup shows brown tepals , yellow anthers on short filaments , and pinkish stigmas over a superior ovary .",be1696d45f7cc6fecec85dd5ee8ef413
1116,3404,"Juncus balticus ssp. ater, Found near streams and other moist locations.",9b43ae1914b1071f08f108b758bdbb7e
1117,3420,"Medicago lupulina, Leaves are grouped in 3s, with short petioles .  Leaflets are toothed towards the tip and end in a short point.",03915fba1385b325703c170f12c6e88d
1118,3421,"Medicago lupulina, Yellow pea-shaped flowers clustered like a clover.",e2819005bdfaea04905b6103246328a8
1119,3422,"Medicago lupulina, Stem is quite thin, and grows along the ground when the plant is young.  Fruit develops into a hard, black, oval pod.",6049d64dd4417c15f2bbbb8f3e4dbe04
1120,3426,"Elymus glaucus ssp. glaucus, This grass can grow to 5 feet tall and has a tight spike of spikelets at the top of the stem.",1afd511d1f93dc2bf6937f101d799999
1121,3427,"Elymus glaucus ssp. glaucus, Rye spikelets grow tight to the stem, about 1/4"" apart, making a woven pattern.  2-4 straight awns come out of each spikelet.",b24513d064cc7a2a27930bca9a344afa
1122,3428,"Elymus glaucus ssp. glaucus, Leaves are fairly wide, flat, soft, and blue-green.  The blade has tiny ""ears"" (auricles) that wrap around the stem.",67393871d99466f0f5dfda34fb586937
1123,3471,"Pinus jeffreyi, Cone grows to 12 inches long, with prickles on each scale pointing inward (Gentle Jeffrey)  Ponderosa Pine's prickles point out.",f13ee23f6e457778a460f6ca5db26bdf
1124,3472,"Pinus jeffreyi, Bark in large vertical plates.  Smells like vanilla.  Turns reddish brown with age.",e2bc2d68853e33fa96f611dc0df6b4f9
1125,3473,"Pinus jeffreyi, Needles last 5 to 8 years, so you see foliage along the branches.  Ponderosa lasts only two years, so tends to be towards the end of branches.",8539ba72de0f2a724b26594845f8354b
1126,3474,"Pinus contorta ssp. murrayana, Needles in 2s, 2-3"" long.  Fairly thick.  Twisted.",1132f9dd99229719b9679563e7f3b3fd
1127,3475,"Pinus contorta ssp. murrayana, Cones to 2 inches with long prickles",38ab7d953ba45106d9d1a66cbe8354f2
1128,3476,"Pinus contorta ssp. murrayana, Cornflake bark.",ba41502cca5fc1ea8b4fc46bcec23f4c
1129,3480,"Salix scouleriana, Leaves are up to 4 inches long, and wider near the end.",6c0a00e85b4b2ef70129a4d63b88c00f
1130,3481,"Salix scouleriana, Margins are smooth or wavy.  Dark green above and with white or grey hairs below.",a0428cf073f7c838ca17b4aa6007d612
1131,3482,"Salix scouleriana, Straight trunks can grow to 50 feet, but are often shrub size.",06c26abe3f64669dd3ac66afd3f50520
1132,3483,"Pinus monophylla, Our only pine with a single needle.  Firs etc. have single needles, but don't have a the tan fascicle you can see at the base of each needle.",7d58937ef8f76eec870856eaea7751dd
1133,3484,"Pinus monophylla, The 3 inch cone has a small number of thick scales.",fc30e298f11039bdd4783af87481838a
1134,3485,"Pinus monophylla, Gray-green needle color, with tan branch ends where the cones develop.",adb670e6b4a64cb3b4a0bf7ac0dbe755
1135,3486,"Ceanothus velutinus, Top of leaf is shiny, bottom pale.",26556c079761e6f1e109195c5fd371a8
1136,3487,"Ceanothus velutinus, Three main parallel veins plus smaller ones, mostly toward the leaf edge.",401b123edee5802fd91d79063c3080af
1137,3488,"Ceanothus velutinus, Makes a colorful display on slopes.",0718e02cb8449d208173472376bf331b
1138,3489,"Pinus monticola, Cone scales are curved and thin with beautiful patterns.",6144f37b5b198552e4333347faac925f
1139,3490,"Pinus monticola, Bark forms distinctive square plates.",4d755bf22a2b646bd784de7c50ab2c9b
1140,3491,"Pinus monticola, Large trunks dominate the landscape.",91ecdaeb0ca9968abf41ba6d6d52471c
1141,3495,"Pinus albicaulis, Short needles to 3 inches, in groups of 5.",120dac2afaef85b89e9a29b6c42598af
1142,3496,"Pinus albicaulis, Cone to about 3"", nearly round.  Thick scales with no prickles.",5977e84763ed8e69f01954b67a4b2b31
1143,3497,"Pinus albicaulis, Bark is thin, scaly and grayish.",68db63422431994e728a6018aab67f7e
1144,3521,"Setaria sphacelata, A perennial grass that grows to 6 feet topped with bristly flowers in a 10-inch inflorescence .",dd43a31bdd97c5e0b8b0efec47951552
1145,3522,"Setaria sphacelata, Flowers are contained in a dense collection of spikelets .",3e1bd2ea2576accd42f458c38fa118d8
1146,3523,"Setaria sphacelata, Green spikelets turn purple or orange with time.  Notice the bristles among them.",b0d156647f1bf182db0546726569ba98
1147,3533,"Phytolacca americana var. americana, Mature berries turn dark purple or black.  Grows to 10 feet tall.",d8b89a29b2baf1b35b6e794d1c3e98ed
1148,3534,"Phytolacca americana var. americana, Leaves have smooth edges and can reach over a foot in length.  Flowers are white.",6658f4eb1d1a47783847daa0373f6e65
1149,3535,"Phytolacca americana var. americana, Pink stalk that holds flowers and berries.",71e2ace473d7713753654a79f56e2ca6
1150,3608,"Dipterostemon capitatus ssp. capitatus, 6-part flowers bunch tightly together at the top of a long narrow stem.",4b0005aabd833410ec8ae7b675087c1f
1151,3609,"Dipterostemon capitatus ssp. capitatus, Often purple, this flower can also be pink or white.  Notice the three forked, white filament sheaths forming a cylinder around the reproductive parts.",e20c7c7d2abd656ac01ab2a399155478
1152,3610,"Dipterostemon capitatus ssp. capitatus, Long narrow leaves grow from the base of the plant.  Below, the roots connect to food-storing corms .",c7b7431ddddad8031234d4fc99828753
1153,3614,"Hordeum murinum ssp. glaucum, A triplet of spikelets attach at the same stem node .  The center spikelet is bisexual.  The lateral ones are male only.",1c551f2e2fa223e7482748351642ba05
1154,3615,"Hordeum murinum ssp. glaucum, Another view of a triplet of spikelets , each with a pair of awn -like glumes .",640a1b469cf1c9b8e749d69d23255a61
1155,3616,"Hordeum murinum ssp. glaucum, The general effect is many long- awned spikelets forming a dense spike.  Narrow leaves grow from the base, to 10"" long.",9cec214f686e071af477b84aafa442d1
1156,3638,"Cardamine oligosperma, Compound leaves have a large terminal leaflet.  Narrow seed pods stick out from the stem.  White flowers are small.",70af2f8bf0547b7d65bc2d1b28b39179
1157,3639,"Cardamine oligosperma, Leaves form a rosette at the base of the plant, and also grow along the stem.",4bc1af5d3813a632ec0a35ac2e3718e2
1158,3640,"Cardamine oligosperma, This low-growing plant likes damp, shady places.",fa06e8b80ee7da2b8c3511a2883e3056
1159,3644,"Leontodon saxatilis, Hawkbit is in the Dandelion tribe with yellow, toothed petals and a bristly seed head.",1136598d119696ead549ad4006774cc6
1160,3645,"Leontodon saxatilis, Underneath the aster flower head, two layers of green phyllaries support yellow ray flowers with purple tinges.",d344b7cd0900b3eb4ec42070ac523d23
1161,3646,"Leontodon saxatilis, Many unbranched flower stalks rise from a basal rosette .  Leaves often show many lobes .",ed626165d7777a3d5cf4fa8eefaa74d9
1162,3647,"Plectritis ciliosa, Flowers are tiny, and bunched together above a green cup of bracts .",6f141e79ee71601ed6863993769b5e8f
1163,3648,"Plectritis ciliosa, A single flower stalk rises from opposite leaves.",8a18f2cc9611bb36cbc0bbea4844b214
1164,3649,"Plectritis ciliosa, Plectritis grows in bunches, low to the ground.",51bfb6bd7f1649ce1dc8425e4b360216
1165,3653,"Elymus caput-medusae, This is a spike containing many brown spikelets , each of which sends out many long awns .  Including the awns, the spike is 4 or 5"" long.",32a2e77b305ca5ff50a44d22620c133a
1166,3654,"Elymus caput-medusae, When they dry, the awns twist and spread in all directions, similar to the snake-covered head of Medusa.",0cdf95cab2decd211760faf85be7449d
1167,3655,"Elymus caput-medusae, This grass can completely dominate open fields and meadows, growing deep roots in the winter to outcompete native annual grasses.",3fd752412d68b9464e16ea91554c8eb6
1168,3656,"Lupinus bicolor, Pea flowers form a short column, about 3 inches tall, at the top of this small but erect plant.",145a9c6d413b74f60acb74c0ad2b5850
1169,3657,"Lupinus bicolor, White banner spots on the top of the pea flower turn maroon with age.  Leaflets are short and narrow.",713309f52377043674f65145c57881b5
1170,3658,"Lupinus bicolor, This small plant fills grasslands with blue in the spring.",c778b4786ec1e796d18fb1d8f995972c
1171,3662,"Trifolium hirtum, Pink petals with long white hairs.",cde184e7c11b89eff04e0c350bb6b382
1172,3663,"Trifolium hirtum, Leaves can grow right under the flower.  Notice the beautiful striped round base under the flower head.",ff86ae21da33e039ba48ab95957e1c56
1173,3664,"Trifolium hirtum, Rose clover is common and covers large fields in lovely color.",8cc9c912b3dc1b4aaa584d21652c462f
1174,3668,"Lupinus nanus, This short lupine has whorls of pea flowers on the top 6 to 8 inches of its stem.",ed4b220c29bdd58b5c23e03ff07ee41c
1175,3669,"Lupinus nanus, Banner petals are at least as wide as they are tall.  They have a white banner spot in the center that turns maroon with age.",dc941204eabf64ea48b79f80ef387a09
1176,3670,"Lupinus nanus, Sky Lupine is abundant in open and disturbed areas.  It's the color of grape juice.",9af219c1c0c02f581948427ee9816de8
1177,3674,"Bromus hordeaceus, Each spikelet has 5-7 flattened, papery florets in a woven pattern.  Most florets are small and self-fertilizing. Awns are straight.",5857368ca2579ea7ae9bdc53737b6f8b
1178,3675,"Bromus hordeaceus, The inflorescence is erect, narrow and often crowded with spikelets .  Inflorescence branches are short and may not be apparent during development.",712ccc370223e0e8b25a326df4f5883f
1179,3676,"Bromus hordeaceus, Soft Chess is covered with downy hair - thus its name.  Leaf blades are flat.",dcb433652f94d7d19279d503ae427d36
1180,3677,"Juncus bufonius, This short rush forms in clumps.  It's found in sunny, moist, muddy places.",55001705759789a2000493f70652df21
1181,3678,"Juncus bufonius, Stems branch near the base of the plant.  Flowers mostly form on one side of the stalk.",07714d9edad050a13e442d76b2f03c96
1182,3679,"Juncus bufonius, Like all rushes , flowers are six-parted and open up to exchange pollen on the wind.",bc264cd418c53673c4f5e0441a69a8b3
1183,3680,"Castilleja attenuata, Paintbrush flowers are white with purple dots. Bracts have white tips.",b79fa6d0f8f3b51988c982f2c04c05ff
1184,3681,"Castilleja attenuata, This plant is slender and unbranched - thus its species name, attenuata .",4fa80e1c27db1ee507e22ba5f00b8ff7
1185,3682,"Castilleja attenuata, Valley Tassels is found in grasslands, especially  around the Central Valley.",3c01f7d40f8a2779d42b15967b04f20d
1186,3683,"Trifolium variegatum, White tipped clover flowers.  Note the 3-part leaves.",4580c592928a6ff8c01a706917c9e511
1187,3684,"Trifolium variegatum, A small head of pea flowers forming a classic clover shape.",b78d474255892c82dc21ce15df58c1e1
1188,3685,"Trifolium variegatum, Clover flowers and leaves on fairly long branches off the main stem.",3f913e5a76f8536a2222c405b54d3d6b
1189,3686,"Centaurea solstitialis, Many yellow ray florets cluster at the top of the flower head.  Long spines stick straight out sideways.",1779f622e3336e3da1a9a91ae6a5b145
1190,3687,"Centaurea solstitialis, Leaves and stem are narrow and grey-green.",c5e33a719593132dc23bcfe4b37c02d8
1191,3688,"Centaurea solstitialis, Yellow Star Thistle forms spiny clumps, discouraging herbivores.  Each head releases over 100 seeds, floating to new areas.",4854d025e3bb1c6ba4651d7e468f1db0
1192,3728,"Asyneuma prenanthoides, 5 narrow flower petals surround a long style .  Green sepals below the flower form a cup topped with 5 spreading points.",106c889dba53e1fa5ed270f3d80740ed
1193,3729,"Asyneuma prenanthoides, Flowers are tiny (1/2"" across), and connect to a stiff stem.",9062ce9ae700651ce8a3d6a9fb4b5b69
1194,3730,"Asyneuma prenanthoides, Leaves or roughly oval and have large teeth.  Stems are rigid.  Grows to four feet.",e84233f9d8e0f124b416c6f822880eb8
1195,3731,"Hoita macrostachya, Pea-like flowers bunch tightly together on sturdy stalks.",b0a381706699a6f16c154d1b0087f6d1
1196,3732,"Hoita macrostachya, Compound leaves are on long stalks, leaving a lot of space around them.",5d774de859676e1b11d058df6a406e6e
1197,3733,"Hoita macrostachya, Grows to 6 feet tall, shown here in a stream bed where it can get plenty of water.",07e851aee314a36a2a68c9421f7a3fd6
1198,3740,"Torreya californica, Aromatic needles are arranged on a flat plane like a redwood, but they're hard and quite sharp at the tips.",83306d611c917eb86589c6256a2d161a
1199,3741,"Torreya californica, Female trees produce a green 1.5 inch fruit that matures to purple in about 18 months.",65fd73bc17e9b850800c530cde087b6d
1200,3742,"Torreya californica, Nutmeg is a moderate-sized tree that grows on cool wet slopes.",db27b76bab903ccf2ae28f741f600b14
1201,3752,"Woodwardia fimbriata, Fronds are flat and smooth-edged, and form a regular geometrical pattern.  They grow over 6 feet long.",94a92c6e264c4b7d11a0db8e5ecb28ff
1202,3753,"Woodwardia fimbriata, If you turn the frond over you'll sometimes find long chains of tan sori , a velvety substance containing spores for the next generation.",0c41b7ab4bc5db7816585235314b919e
1203,3754,"Woodwardia fimbriata, Chain fern loves water and shade. It's bigger than most other ferns.",b956759cececda6f6b03e044036c9638
1204,3776,"Pseudotsuga menziesii, Single short needles go in all directions, with empty spots marking a year's growth.",941c00d39ed8901450f4fa6d53b73faf
1205,3777,"Pseudotsuga menziesii, The cone has ""mouse tails"" coming from under each scale.  You'll find these distinctive cones all around the base of the tree, many torn up and eaten.",df1a4d78609a67dbdb3933408b4baf8e
1206,3778,"Pseudotsuga menziesii, Douglas Fir grows tall and has wide-spreading branches.",291de865681a9f8c663462dac1e5c68e
1207,3782,"Hordeum murinum, Foxtails are easy to spot.  They have showy, dense spikes with lots of awns .  They grow in large colonies.",a20884033f7ac5b907e49c4bafae982e
1208,3783,"Hordeum murinum, A triplet of spikelets attach at the same point.  The center one is larger and bisexual.  The lateral ones are male only.",1c551f2e2fa223e7482748351642ba05
1209,3784,"Hordeum murinum, Leaf blades are hairy, about 10"" long, and have tiny ""ears"" (auricles) where they meet the stem.",39032a9567fbfa8d0577062a9c19599e
1210,3839,"Ranunculus californicus, The buttercup looks like butter, with 7 to 22 elliptic, overlapping, shiny yellow petals.",634f10d17327d69c227f48ad7cc77081
1211,3840,"Ranunculus californicus, Each buttercup flower gets its own stalk.  The center is a half sphere of packed green pistils , surrounded by dozens of yellow stamens .",479a6e8987bac6275845e5d42451559a
1212,3841,"Ranunculus californicus, Long-stalked basal leaves have 3 deeply- lobed leaflets.  Leaves on the flower stems have narrow divisions.",29488917be27b0b8517bbe7392c0a928
1213,3863,"Collinsia heterophylla, Flowers are in tiered whorls along the tops of stems.  Pale upper petals have delicate, dark markings.",975cecc74bdd7b7708d0efe5b3b87f58
1214,3864,"Collinsia heterophylla, Opposite leaves to 4"" long taper from a clasping base and have small teeth along the margins.",e574b19a1bea6016f00153aec095f10f
1215,3865,"Collinsia heterophylla, Chinese Houses is usually found growing in colonies.  Stems can be simple or have a few branches.",183aac985b468a7163ab340ccf378747
1216,3905,"Pseudotsuga menziesii var. menziesii, Needles are about 1"" long and grow in all directions.",941c00d39ed8901450f4fa6d53b73faf
1217,3906,"Pseudotsuga menziesii var. menziesii, The cone has ""mouse tails"" coming from under each scale.",c6745ca601395649f9f1d28a6c645b1f
1218,3907,"Pseudotsuga menziesii var. menziesii, Trunks grow straight and tall.  Branches stick out like ladder rungs.",291de865681a9f8c663462dac1e5c68e
1219,3911,"Dichelostemma congestum, Ookow has a tight cluster of lavender-purple flowers at the top of a 2 foot stem.",d015447abf50a253ae749b247d9383a4
1220,3912,"Dichelostemma congestum, Each flower has six petal-like tepals and unique tooth-like projections that stand away from the yellow-tipped stamens.",05f7acd8c47659a3c63128b324ef1749
1221,3913,"Dichelostemma congestum, There are no leaves on the stem, which is erect but twists.  2 or 3 narrow basal leaves grow to 2 feet long.",0902bb6e4957069bca5703ab5e24139f
1222,3920,"Aspidotis densa, Grows near rocks.",bd1bf9126c2fbff8b093cb13f260198d
1223,3921,"Aspidotis densa, Frond leaves ( pinnae ) are narrow.",c8dcac15adaa55582011ee5bc2696ce4
1224,3922,"Aspidotis densa, Stems ( stipes ) are dark and shiny.",33712979534c336e73aeb7f253b1c16a
1225,3923,"Calochortus leichtlinii, 3 broad white petals have purple and yellow markings towards the center.",b09b0f9555d76a59282576819c630bd4
1226,3924,"Calochortus leichtlinii, Leaves are opposite, long and narrow.",4432bdad8f34155ec2e4805230a12383
1227,3925,"Calochortus leichtlinii, Behind the petals are 3 sepals that protect the flower as it develops.",11e2cbccf2029df470431eeab61e24cc
1228,3938,"Calystegia occidentalis, Round white flower with five fused petals.",477654f13b6899848b486138ccc43baa
1229,3939,"Calystegia occidentalis, Tiny green bracts about 1/4 inch below the flower.",c510b753ff75763a85e0aa130bb06d54
1230,3940,"Calystegia occidentalis, A vine, often growing along the ground.",dabfe09cede6b36e9034308a1e174827
1231,3947,"Juncus covillei, This plant is short and looks like grass, except for six-part flowers that nestle among the leaves.",8648838a184772566bd52b37b1f659d5
1232,3948,"Juncus covillei, This picture shows dark, oval fruits somewhat longer than the green tepals .  The curly-cues are pistils not yet fallen off.",1145b6034d3d0e2ac7544d86e146977b
1233,3949,"Juncus covillei, Leaf blades face a round stem.  Found in moist, sandy places, in mountain forests and creekbanks.",01f01a499b7f1affaa02b22a4d893c3d
1234,3956,"Maianthemum racemosum, Large parallel-veined alternate leaves grow directly from arching stems that reach 2 or 3 feet long.",ecee4dc2528a225df7e4979f4681f525
1235,3957,"Maianthemum racemosum, Each stem ends in a thick, vertical column of tiny star-shaped flowers.",92f2adff0b1acaeb65bc1e5acb2f7b4d
1236,3958,"Maianthemum racemosum, Pollinated flowers develop into green berries that turn red at maturity.",792aab7b95c9f26caa248cd6ed2073fb
1237,3968,"Melica subulata, Spikelets are narrow and without awns , showing several florets above papery glumes .",7cb04f518ca357ef4d01c217409921cf
1238,3969,"Melica subulata, Like other Melicas , the whole inflorescence remains narrow, even at maturity, with stalks pressing against the stem.",784602993e2575192cdcea3e69dec625
1239,3970,"Melica subulata, Florets open up to show anthers and stigmas when they're ready to release and receive pollen.",39fe251b1f5957abfb1cadc62e0bcc05
1240,4049,"Claytonia sibirica, Pink and white candy stripes.",a846b6cdb0b0d7074fad44983a9979df
1241,4050,"Claytonia sibirica, Flowers pink or white.  Often low to the ground.",c96dd379765d0acc27c432e79944f37c
1242,4051,"Claytonia sibirica, Opposite leaves along stem.",4f52631f884d0454aa4dc6f907632429
1243,4052,"Marah oregana, Flowers, on horizontal stalks, have 5 separate greenish-white petals that come to a point.  The center is yellow.",5ac869b862cd593a66387ac0ec35ef6f
1244,4053,"Marah oregana, Leaves are quite large and glossy.  Tendrils allow the vine to drape itself over other shrubs.",897437b6368fca2163f8ee25f0eda6f7
1245,4054,"Marah oregana, The fruit is a roundish cucumber covered with spines.",de7b45a2547e9e0b04d95075ea50f099
1246,4055,"Senecio minimus, One plant can develop over 100 aster-like flowers, shown here in seed. Grows to 7 feet tall.",f2da06c633c4892b70e711eae6107a97
1247,4056,"Senecio minimus, When flowers mature the fruit develops a pappus to help it float away in the wind.",1d5ca752d4ba4623e3c2da1e61901e5f
1248,4057,"Senecio minimus, When the fruits blow away you can see the white receptacles where they sat, and the brown phyllaries that used to protect the flowers.",4bedac16427e4d020825df2b2382af94
1249,4061,"Pseudognaphalium stramineum, Flowers with yellow center surrounded by layers of straw-colored phyllaries .",e5a32f242d8536fc6c7b88f4d1536c78
1250,4062,"Pseudognaphalium stramineum, Flowers densly grouped at the end of the stem.  Leaves woolly.",f58cd583d5e4f18632f8d84773553903
1251,4063,"Pseudognaphalium stramineum, Erect plant to 2 feet tall.",e47f83c0f9461c281e814269a267c7ac
1252,4070,"Asarum caudatum, Flowers are 1 - 3 inches wide and cup shaped.  They have 3 ""petals"" that end in a narrow thread.",50a2947f67c4ffc17ef5b035da9a43fe
1253,4071,"Asarum caudatum, Heart-shaped evergreen leaves are beautiful.",22363f404d98f0cf16dbd03d585dadd5
1254,4072,"Asarum caudatum, Ginger grows low to the ground, primarily spreading from horizontal roots.",c21de5563f283a9771d7cb98966f537f
1255,4079,"Iris douglasiana, Petals in 3s with colorful veins.  Petal color varies quite a bit.",156db78eb3cd3421887163a3816b2778
1256,4080,"Iris douglasiana, Veins not very noticable, compared to Ground Iris.",8405aab9c81a6a531e72114a2e94e79a
1257,4081,"Iris douglasiana, Leaves are narrow and long, with parallel veins.  They're glossy on the top, and paler underneath.",c073773a56d634d98d98f9ad28488845
1258,4085,"Calypso bulbosa, Pink, red and white orchid flower.",d3ceea972ab6abea4f4f2146ce1f5084
1259,4086,"Calypso bulbosa, Leaves are wide with parallel veins.",fa341a3f2e5ad3b91b3abc68c9535592
1260,4087,"Calypso bulbosa, Grows to 5"" tall, often in sheltered areas under pines or firs.",758f097159658a02fe167a714bb48cfc
1261,4091,"Scoliopus bigelovii, Flowers are in 3s.  Narrow white petals in are above a second layer of three striped sepals .",d1631018f3cab9746e5a5bcfb0ad0147
1262,4092,"Scoliopus bigelovii, Basal leaves are wide and parallel-veined.  Thin flower stalks are already drooping in this picture.",5c4e6a5cb79eadc4eb7325510596c7dc
1263,4093,"Scoliopus bigelovii, Leaves have brown spots on them.  Notice the flower stalks bending over to the ground to deposit their seeds.",cfce1482ec403610ccf9b4ef2d13695d
1264,4097,"Ribes sanguineum var. glutinosum, This woody shrub has no spines.  Tight hanging clusters of pinkish flowers turn into dark purple berries.",f58dfe08c928bdf6641882c0fa8c1e45
1265,4098,"Ribes sanguineum var. glutinosum, Flowers form hanging clusters. Leaves are wrinkled with many veins and have a resinous smell.",d23e5ef9e73ea53abda03a1dd5d99bfc
1266,4099,"Ribes sanguineum var. glutinosum, 5-petaled flowers are pink and white, growing closely together.",ac1868dfaed5804575bd3f36c7db941f
1267,4109,"Athyrium filix-femina, Fronds die in the winter, making the Lady Fern conspicuous. Unlike many ferns, its frond segments are longest in the middle.",3780f6da0740e137c04212f9487c3bfa
1268,4110,"Athyrium filix-femina, Lady Fern is prominent in damp areas, with large, broad, and graceful fronds .",be6ccc62f13a1ba6c44804bac41d48e2
1269,4111,"Athyrium filix-femina, Segments do not always line up with each other across the midrib . Sori are bumpy and prominent.",4a897eae3e83f7e002b04aa257e6a6c4
1270,4112,"Claytonia perfoliata, A cluster of small white flowers emerge from the center of a leaf that surrounds the stem.",8a8cf6a785078a9ce976cac3b01c1c88
1271,4113,"Claytonia perfoliata, Basal leaves are long and thin, with a diamond shape at the end.  Several stems emerge from the base.",f9e48e4707790bcd7fcb6f6847a6f0aa
1272,4114,"Claytonia perfoliata, Two fleshy leaves near the top of each stem fuse to make a circle.",e25034f7fce9243fa07c8fd37e923a59
1273,4121,"Lysimachia latifolia, This flat flower has 6 delicate rose-colored pointed petals and 6 yellow-topped stamens .  It's less than 1 inch across.",a33b27fd195a0f9c92499b8355c5e24d
1274,4122,"Lysimachia latifolia, Flower stalks and leaves all join at the top of the stem.",76490be9673b6e8c4b721c573fe6f3ff
1275,4123,"Lysimachia latifolia, Starflower lies low to the ground in damp, cool spots.",d943909510bf401611334a55cfe5e014
1276,4132,"Oxalis oregana, Flowers are symmetrical, with 5 delicately striped petals surrounding a pale green and yellow center.",4592c09197705660d157929a337580d4
1277,4133,"Oxalis oregana, Flowers and 3-part leaves cluster close together near the ground.  They grow to 6 inches tall.",a60f9284c5c17d9f2b94c5ede011b916
1278,4134,"Oxalis oregana, Green heart-shaped leaves fold back in direct sunlight.  They're often purple underneath.",8d5c2a9c884a5280c632adae7a1bfeb7
1279,4135,"Viola sempervirens, Redwood Violet is yellow, with maroon stripes.  It's found in redwood groves and other shady coastal evergreen forests.",05781ef418926978d28ba6fedc6a8b69
1280,4136,"Viola sempervirens, Look for bright yellow flowers on the shady forest floor.  Leaves are evergreen and heart shaped.",fb111ce4871a74e70c3dc67b989f3d2f
1281,4137,"Viola sempervirens, This low-lying violet forms colonies on the forest floor.",93535aa27a7b910603f654d23ce77a8f
1282,4141,"Lysimachia arvensis, This small flower (up to 1/2 inch across) has a colorful center that provides a target for pollinators.",98621294f0f6c8999187f02fbc50f854
1283,4142,"Lysimachia arvensis, Flowers are on stalks.  Leaves are opposite and touch each other across the stem.",a82eb68396b66680da349864aa185c28
1284,4143,"Lysimachia arvensis, Occasionally, there are blue versions of this same flower.  I love it when I find one!",d85fed88717d5ffcb16b570203750739
1285,4144,"Prosartes smithii, White cylindrical flowers with 6 pointed ""petals"" hide under large leaves at the end of the stem.",be1fa23bbcf89077f6689c02586cd9d3
1286,4145,"Prosartes smithii, Leaves, about 4 inches long, have indented parallel veins and end in a point.",8b5310ef78fe211030878431b58e0cd5
1287,4146,"Prosartes smithii, Arching stems to 2 feet tall, zigzag between leaves.  The tiny flowers are often not visible from above.",9a3401275f1a3408390815d13f8e5af1
1288,4186,"Brickellia californica, Several layers of phyllaries create a cylinder that holds a tiny bouquet of tiny yellow flowers.",d237fc9bd4200929347faaae6a073e12
1289,4187,"Brickellia californica, Leaves are triangle-shaped, with irregular teeth.  Leaves are generally quite fuzzy on both sides.",f87729be2fa2c9945e1fc89e3e316390
1290,4188,"Brickellia californica, Stems branch near the base and become tan with age, covered with tannish hairs.  Stems often die back at the end of the season.",4f1acc2545b7eff032e9807c853adf41
1291,4207,"Xanthium strumarium, This is a female flower - no petals, just pistils at the top of the flower head.",70e4132a99d6d717dfa4ff9581606fb7
1292,4208,"Xanthium strumarium, Male flowers (yellow in this picture) are on separate heads above the female heads (green).",e05a8bf0d3ec9e5c84642e5cf3e442dd
1293,4209,"Xanthium strumarium, Stems are thick.  Alternate leaves are on stalks, up to 5 inches across.",399b56fe635e5128bd43654130ad32b7
1294,4219,"Amsinckia intermedia, Tubular flowers grow along one side of an uncoiling stem that looks like the head of a violin - thus fiddlehead.",ca50c8c56ea6bf6a2a2d9910a06c59c8
1295,4220,"Amsinckia intermedia, Each 5- lobed flower has an open throat with darker orange markings.",6770f925734347e4578798ed1746eafb
1296,4221,"Amsinckia intermedia, Leaves and stem are covered in stiff hairs.  Leaves are narrow, have smooth edges and are several inches long.",f29d0e5be9c6a9ff80eeb0d496e30be0
1297,4222,"Micropus californicus, Stems about a foot tall, with tiny fuzzy white flowers on top that look like a Q-tip.",87c6b32a2e7738cc9d4fcbcd51443c27
1298,4223,"Micropus californicus, Stem is green-gray and hairy.",1c06f2b943488c164b8b3b95ccf02ed8
1299,4224,"Micropus californicus, Can grow in dense stands.",486a056f540d5c0341e2fdab9f24a55a
1300,4231,"Paspalum dilatatum, Dallis Grass has a distinctive look, with drooping spikes of tiny oval spikelets , each enclosing a single fertile floret .",7996095932edb1e8938deb8278504043
1301,4232,"Paspalum dilatatum, Each spikelet is small and tight.  In this photo, they're mature, with fluffy, purple stigmas ready to receive pollen.",37469902207d59490e088ac739e0353e
1302,4233,"Paspalum dilatatum, Leaves are hairless, 1"" wide, and grow to 14"" long.",404e9cb452bcc3a31426fb751c38a3c8
1303,4294,"Plantago lanceolata, Many flowers radiate from the flower head.  In this picture, lower flowers are mature while upper flowers have not yet formed.",62f2af79753e5e67c49e0f545d051f5f
1304,4295,"Plantago lanceolata, Long, ribbed basal leaves are easy to spot.",cbd171b714bffb9c6a2c47f20b292eb6
1305,4296,"Plantago lanceolata, Plantain flower heads are distinctive, siting on the top of longish stems.",1eedf5b281c466044faa614af324a9da
1306,4303,"Poa pratensis, This is a low-growing sod grass.  The inflorescence is open and triangular in shape.",691fc1eeb2e0cb30989677d8bf5f242d
1307,4304,"Poa pratensis, Each spikelet has 3-6 florets and cobweb-like hairs at its base. Florets can be purple-tinged at maturity.",a05508b789e80d6b7e9a8ac6324f9360
1308,4305,"Poa pratensis, Inflorescence branches are thread-like and florets are quite small.",4c3a3def9c70dcb5bf6b1ae2cabfbc4e
1309,4306,"Hypericum perforatum, 5 separate yellow petals, with many long stamens.",b84f2f772cec0c09119826cad0ea06a6
1310,4307,"Hypericum perforatum, Opposite leaves have glandular translucent dots on them that look like perforations when held up to the light.  Hence, perforatum .",f9e36413af7e21b12a552095de34875d
1311,4308,"Hypericum perforatum, Flowers form in clusters at the end of stems.",de9343d846295ed16e710c4dc783e4c1
1312,4324,"Nemophila menziesii, Petals can be all white, or blue with a white center.  Petals often have black dots.",1e6f1c3d73010f0bd04653fbbfa95076
1313,4325,"Nemophila menziesii, Here is the blue version.  Notice the blue veins towards the center.",aac9ab8a366e1d6c2b1f7329ca9a10ec
1314,4326,"Nemophila menziesii, Distinctive leaves with deep opposite lobes.",2a8ad5c69d208c7420e523ff1aa460b8
1315,4381,"Phacelia californica, The flower is bell shaped, with 5 rounded lobes .",f515c32c98047c1065dd6e0cef4257fe
1316,4382,"Phacelia californica, Leaves are fuzzy, strongly veined, and have smooth edges.",23ab9bfbe3d5ae4819437243c4e26290
1317,4383,"Phacelia californica, Flower clusters appear fuzzy and are often coiled, looking like a caterpillar.",047a69cb083b2175c0e40935c6205c2a
1318,4513,"Phyla nodiflora, The whole inflorescence is less than 1/2 inch wide.  A purple center is surrounded by tiny white or pink flowers.",b905c77b394436555b0c0efa61683e16
1319,4514,"Phyla nodiflora, Leaves are about 1"" long, toothed near the tip, and have a blunt tip.",f7ea53b51a2d042da1e8bae26ac220bf
1320,4515,"Phyla nodiflora, Flowers grow on stalks off a central stem which generally lies along the ground.",60b775debe8ce2a2e295cb21c0c0b949
1321,4519,"Clematis ligusticifolia, Look for 4 white ""petals"" forming a cross, and lots of long stamens .",aa71afcb51a0f6268a7e5b912a42c79d
1322,4520,"Clematis ligusticifolia, Here is a flower emerging from the vine, showing 4 white sepals and dozens of very long stamens .",bd95074cb68d95c3b07a65d8592ee8d8
1323,4521,"Clematis ligusticifolia, Compound leaflets have large irregular lobes .",e377233f2f4b4c91aab5ca262628cf50
1324,4525,"Aristolochia californica, Tubular, curving flower resembles a Dutchman's pipe.",b733858bb9c5d9e4bd0cb984c129e76c
1325,4526,"Aristolochia californica, Flowers are brownish or greenish, lined with pink or red.",980571bad926ea5d738be268c0588900
1326,4527,"Aristolochia californica, Leaves of this vine are roughly heart shaped.",c1fa967ac40aab5e19787b490573cf88
1327,4540,"Quercus wislizeni, Leaves are glossy on both sides.",da0a32e0bae7d321bf45cd29423a69e6
1328,4541,"Quercus wislizeni, Acorns group together, sometimes on last year's twig growth.",aad2e5d59b084051a4e7193fbbb5a615
1329,4542,"Quercus wislizeni, Trunks vary, but often have a silvery component.",3c2daf2efee24517bc48bd1326353895
1330,5017,"Lomatium californicum, Flowers in bunches, starting green and becoming bright yellow.",ce445be19a63053f8959ecdbc2f57b0f
1331,5018,"Lomatium californicum, Divided blue-green leaves.  They resemble common celery leaves in appearance and taste.",4b08593779f3ae6e54dd16042b28d12a
1332,5019,"Lomatium californicum, A spreading plant, can grow to 4 feet tall.",8cd87ba3133280a12e927018201ee6be
1333,5050,"Washingtonia filifera, This is California's only native palm, found in desert oases.  Notice the dead leaves hanging on below new growth.",836d3e363a42f7870ccc6d3ccf12251a
1334,5051,"Washingtonia filifera, Leaves are fan shaped.  Heavy petioles connect the leaf to the trunk, and are U-shaped and toothed.",434c7b40123aa0e36ba57f0dec32f7ed
1335,5052,"Washingtonia filifera, Leaves are stiff and have v-shaped segments with fibres on the margins.",f6d5f3f9bd6a05ce410ee482b0fc0586
1336,5062,"Typha domingensis, The male flower spike is yellow-brown and about an inch above a cinnamon-brown female spike.",f807d86b429ff1b730f573b92a17f368
1337,5063,"Typha domingensis, This is the only California cattail with orange-brown glands at the base of the leaves.",18ed3a6245478223779744fa70309e62
1338,5064,"Typha domingensis, Both spikes and leaves are tall, stiff and fairly narrow.",5d7822d9d5f0090744a7be42bfbaaf15
1339,5074,"Solanum americanum, White 5-petaled 1/2 inch wide flowers with yellow centers.  Leaves and fruit look like a small tomato plant.",8fa57bd7880133e389827d1acb73e143
1340,5075,"Solanum americanum, Large leaves on stalks over 1 inch long.  Edges wavy or coarsely toothed.",096f1b7650302e4acdec617861225a26
1341,5076,"Solanum americanum, Shiny black berries hang from leaf connections along the stem.  Plant grows to 4 feet tall and is short-lived.",6dfdd75e3dace0318d4402f2ab584ad2
1342,5077,"Phragmites australis, Common Reed grows in dense stands from thick rhizomes . Phragmites is Greek for ""fence"", which seems appropriate.",d562c46c6ac28217d296c0e023616352
1343,5078,"Phragmites australis, Branched spikelets are small, about 1/2"".  Much longer silky hairs grow from the base of the spikelets, creating a plume effect.",e8cd8a812a33d20210930cf9f722ffd8
1344,5079,"Phragmites australis, Leaves can be up to 2"" wide and 18"" long, with rough margins.",2f4969c1f530175bfde1e277ba26d4d6
1345,5425,"Hordeum murinum ssp. leporinum, This common Barley has a dense spike of spikelets with long awns pointing in all directions.",39a00c20fd5fb405eceb898c29803dcd
1346,5426,"Hordeum murinum ssp. leporinum, Three spikelets attach at each node on the stem. The outer spikelets are longer and are male only.",ecf89707c6918bcc9560d8d04e644c03
1347,5427,"Hordeum murinum ssp. leporinum, This single-stem grass grows in large colonies, with showy spikes that turn purple with age.",a20884033f7ac5b907e49c4bafae982e
1348,5428,"Bromus rubens, At maturity, clusters of reddish spikelets open up and spread their awns , forming a striking bottle-brush shape.",208c00394d267b337d999bb507d3f198
1349,5429,"Bromus rubens, Spikelets start green.  Like other bromes , spikelets are narrow and have awns .",5abc499ef09eda58f5bba5459f0e3ad8
1350,5430,"Bromus rubens, Red Brome grows quickly in sandy soil and disturbed areas when there is enough rain.  An annual , it puts all its energy into growing and distributing seeds in one season.",bc70b3bbecb2cf56b219f107943c76ea
1351,5455,"Hirschfeldia incana, Yellow flowers are distinctive, with 4 separate, flat petals forming a cross.",8fa9660badb9c5e9adb32aa02fc8572f
1352,5456,"Hirschfeldia incana, Flowers cluster near the end of rather bare stems.",774ee280751841631674a76fc4bc0e9f
1353,5457,"Hirschfeldia incana, Large lobed leaves at the bottom power the growth of many stems and branches.",f86319e116e2eed05410eff91b9ad7a7
1354,5458,"Cortaderia selloana, Male spikelets are on separate plants from female.  The spikelets, however, look similar except that female florets are hairy.",b1af2a080100cba6a6b98d2febd31c07
1355,5459,"Cortaderia selloana, Leaves are blue-green on top and green on the bottom.  Andean Pampas Grass is green on both sides.",bf82e88908f3d0e8b1a836138dade8fd
1356,5460,"Cortaderia selloana, Leaf margins are sharp and grabby, like razor wire.",97009e9f97f15b3251dc9a31663ee1cd
1357,5461,"Epilobium brachycarpum, Four pink or purple divided petals.  Darker veining.",851bf90e1e8477dc4503c25e351e5a2f
1358,5462,"Epilobium brachycarpum, Fruit capsules over an inch long open up to allow seeds to float away on hair tufts.",32c1e8060e31d5a6edcbe9d1e77dfce4
1359,5463,"Epilobium brachycarpum, Leaves short and thin.  Stands erect on a very thin stem to 6 feet tall.",eb3116b8e635f975e9b24c9784395c8d
1360,6019,"Festuca californica, This tufted grass has arching, narrow, folded, gray-green leaves to 3 feet long.  Mature spikelets hang down on long stalks.",e6334ce3a1b91d591e0e1760c0ae443c
1361,6020,"Festuca californica, The inflorescence is branched and open. Spikelets contain 4-6 florets and have short awns.",8f1ad059558bc22d03976a4cb441dd60
1362,6021,"Festuca californica, California Fescue is widespread, gracing hills, open forests and streambanks.  It turns straw color in the fall (Festuca is Latin for ""straw"").",95eec9d482e0d6a4205cc72af34c3c23
1363,6022,"Juniperus californica, Pale blue waxy berries.  Leaves made up of overlapping scales.",71e01637a408841721fcd75e92de873c
1364,6023,"Juniperus californica, Bark is thin, grey, and flakes off easily.",e78717e346e41a9c5555f6a369e08f80
1365,6024,"Juniperus californica, Shrub grows to maybe 20 feet in dry flats and pinyon/juniper woodland.",44d17a4d642cb5695d56990c169e664f
1366,6040,"Ribes menziesii, Leaves are hairy and soft, and remind me of small (less than 2"" across) maple leaves.",68dbb3f70d9db05d8d2892ee9e139178
1367,6041,"Ribes menziesii, The flower has purple sepals that fold backwards, short white petals that hang down, and stamens that stick out the bottom.",d69fd08613e3a37ed2bfbac4e1f5c1b7
1368,6042,"Ribes menziesii, Thin prickles along the stem make this a Gooseberry.  Currants look similar but don't have prickles.",732631902aba2cb6f69531badc08f35f
1369,6049,"Galium porrigens var. porrigens, Look for whorled leaves in groups of 4, small yellow flowers with 4 petals, a square stem, and white berries.",271553c4359f37f36f3ec5c81d2ea58c
1370,6050,"Galium porrigens var. porrigens, Flowers are small, about 1/10"" across.",9329f475ce80652b0a458cbdc569bf07
1371,6051,"Galium porrigens var. porrigens, Square stems and leaves have prickly hairs, good for clinging.",7ef6c70228a2ddbb81924c499b06cd31
1372,6052,"Quercus agrifolia var. agrifolia, When unrestricted, Live Oaks grow wide and tall, with a thick canopy of evergreen, leathery leaves.",e671ecd99a10b00569d857523e4934f9
1373,6053,"Quercus agrifolia var. agrifolia, Leaves often curl under and have spiny edges.  Acorns grow at the end of twigs.",ff7adc12ca2d9baad9a747140706ed65
1374,6054,"Quercus agrifolia var. agrifolia, Male flowers are pale green.  Female flowers are hard to find, inconspicuous at the base of new leaves.",173d08c023f8e94c47c07e4463c12a12
1375,6064,"Triticum aestivum, Each stem ends in a spike of spikelets that present themselves in a tight weave with long awns sticking out.",e787c5674b5f0d53e118cdd8185a4913
1376,6065,"Triticum aestivum, Spikelets point upwards, tight to the stem.  Long awns grow from glumes and florets .",3c1d3a8d611c838ba9d52d9ab6a1c855
1377,6066,"Triticum aestivum, Leaves are flat, about 1/2"" wide and 10"" long.  They start by ascending but are floppy.  Parallel veins are many and prominent.",139f49f557c9d669310b293c276c06ea
1378,6079,"Geranium molle, Five notched petals surround a pale center decorated with blueish anthers .",44d1e82134402cd8f25fd20016a722e5
1379,6080,"Geranium molle, I suppose the round leaf with many indents reminded someone of a dove's foot.  The leaves are incredibly soft and fun to touch.",3061b3719f938281f1087dc9491b2727
1380,6081,"Geranium molle, You can distinguish this small geranium by its circular, round-lobed leaves, and the blue anthers at the center of the flower.",1d0eb7a970e3aeaa5abf0a5caddd9495
1381,6160,"Fritillaria affinis, Flowers have 6 brown or green tepals with mottled yellow and green areas.  They hang upside down like bells from a drooping stalk.",e99885da3b0864eca298276230dc6c4c
1382,6161,"Fritillaria affinis, Narrow leaves are whorled near the bottom, and then grow next to flower stalks near the top of the stem.",6f24179463d92ff395f8ac36fab4df06
1383,6162,"Fritillaria affinis, Leaves are parallel veined.  The stem is erect and grows from a bulb.",04ad6003a2a9f9e9ff848e0ca6d1e18d
1384,6238,"Ranunculus californicus var. californicus, The center of the flower is a crowded group of green pistils .  Surrounding it is a ring of yellow stamens and a ring of reflective yellow petals .",435f45c868d49a6e233490a9a43e2058
1385,6239,"Ranunculus californicus var. californicus, Leaf stalks join the base of the plant.  Leaflets are often in 3s, and are lobed .",55d95f7d7af153354b65208d4871b452
1386,6240,"Ranunculus californicus var. californicus, This variety is widespread and grows a couple of feet tall.",343aaea89a962afeff4ce3d833140a80
1387,6262,"Spartina foliosa, Hollow stems grow to 5 feet long.  Leaves grow to 2 feet long.",c0b66b53adfcaad866654005fd33180d
1388,6263,"Spartina foliosa, Flowers grow in a narrow, dense spike on one side of the stalk.",0d977b0896271080f78ec7a71fc2dc48
1389,6264,"Spartina foliosa, Widespread in salt marshes and mudflats, especially on San Francisco Bay.",111b2acb26913ca4f82e1b1a7f0669af
1390,6280,"Genista monspessulana, Groups of 4 to 10 flowers appear at the end of short stalks.  Slight fragrance.",187b66004e0ecd69040c45276b72b0f2
1391,6281,"Genista monspessulana, 3 leaflets.  Stem is round with 8 to 10 ridges along the outer edge.",43d93820a175b05a8df54ff70ee8f798
1392,6282,"Genista monspessulana, French Broom is invasive, covering hills and valleys.",9e290dabcc7ec10d5d8a96a41aa92894
1393,7048,"Juncus phaeocephalus var. phaeocephalus, These rushes grow closely together on wet ground.  Dark brown or purple flower heads grow near the top of flattened stems.",0c43f200bb4912d96ab6ac0d519abe98
1394,7049,"Juncus phaeocephalus var. phaeocephalus, Flower heads have many dark-brown six-part flowers. Anthers (white) and stigmas (pink) stick out beyond the flowers to aid wind pollination.",21128232cb4ca9caf2fdea4b57386da1
1395,7050,"Juncus phaeocephalus var. phaeocephalus, Leaves are flat and have ribs that grow part-way across them.  They have pointed tips.",e4d1c267883082e713134468c06f203c
1396,7054,"Trifolium fucatum, White or yellow clover flowers bunch together in a round ball.  Leaves are formed from 3 separate leaflets .",7c27226466f135c8dc06079e13bcda85
1397,7055,"Trifolium fucatum, The base of each flower expands as its fruit develops.  Note the green pointed bracts below the flower head.",41dd2a826e1d882da8c2b867336a4f29
1398,7056,"Trifolium fucatum, These large clovers often grow in colonies.",99b8312f5db4e1b051ce762af8d6bed4
1399,7063,"Nemophila menziesii var. atomaria, Often grows in patches.  This coastal variety is white instead of blue.",8933f3a57f50dedcb90d6dd6281b0899
1400,7064,"Nemophila menziesii var. atomaria, A delecate white flower with black dots and lines decorating the petals.",9148a8b450c5676cba4458684c44cf5b
1401,7065,"Nemophila menziesii var. atomaria, Grows low to the ground.  Leaves are opposite, and have divided toothed leaflets.",930b7be3162e65bc1fc806de7beb8a80
1402,7135,"Prosartes hookeri, Fairy bell flower hangs down from the end of the branch, under a pair of wide leaves.",5e52ac7fe92f58728807598bbdeb4649
1403,7136,"Prosartes hookeri, Leaves are alternate and regularly spaced along the stem.  They have parallel veins.",c93e9914e59485d98b1f79d46447bb72
1404,7137,"Prosartes hookeri, Scarlet berries replace the beautiful Fairy Bell flowers.",df61e1f683ccf1e6504d1dc5c7a09059
1405,7147,"Tellima grandiflora, Here is the tall stem with amazing but tiny (1/4"") flowers  along it.  Look for fringes on the petals.",4ae5766edd541ee4e25cbf953917d483
1406,7148,"Tellima grandiflora, Beautiful tiny deep pink petals top a green cup.",92aefc876d4df6186d4c614223b1c24f
1407,7149,"Tellima grandiflora, Leaves are soft, flat and hairy with toothed sides. Veins are indented.",09d88c32a750996bc1a5f3f16c459674
1408,7150,"Equisetum telmateia ssp. braunii, Whorls of 12-40 narrow branches emerge all along the stem.",0de9184090c088f0727d108d5ec84b77
1409,7151,"Equisetum telmateia ssp. braunii, A separate fertile stem bears spores at the top.",aa3dab1cf62a93ffcf779a94f22c4613
1410,7152,"Equisetum telmateia ssp. braunii, Grows to 4 or 5 feet tall in wet areas.",4a0ef3699707f65d116a0fe32f313a24
1411,7165,"Polypodium scouleri, Leathery frond with wide, rounded segments .  Circular spores line up in two rows underneath.",7082dd859cd870b1e7b49ebb24bf5cd4
1412,7166,"Polypodium scouleri, Each frond connects to the ground separately.",b0a81f261e61504a841ca12bd10f870b
1413,7167,"Polypodium scouleri, Found along the California coast, Leather Fern can grow in rock cracks, and tolerates salt and harsh conditions.",6d5a8a8df6020a9fdd047d832470d856
1414,7168,"Polypodium glycyrrhiza, Each frond is divided into serrated segments that end in a point.",2164424a3746f066e549230f38dd5c47
1415,7169,"Polypodium glycyrrhiza, Licorice Fern grows to 2 feet, taller than the related California Polypody.",9e4c9c0b56c2180d4d20c9295f40c4c8
1416,7170,"Polypodium glycyrrhiza, It often grows on rocks or moist tree trunks.",fe5ea825912c7f7810ebfd6642d503ed
1417,7174,"Cardamine californica, Four white petals form a flat cross. Stamens and a pistil form a tight bunch in a yellow-green center.",61056864898dadd28f0395bf5b2ba579
1418,7175,"Cardamine californica, Leaves near the ground are fairly round, like the top of a milkmaid's stool.",c8e9f1a7f404fe961e799e4e8967c741
1419,7176,"Cardamine californica, Leaves higher up are deeply cut and pointy.  Flowers group loosely near the top of the stem.",8f80f3039c125034d18a5b22e0bd8f5d
1420,7192,"Xerophyllum tenax, Many tiny white flowers form a bunch at the top of the stem.",cb1e218adc40af9ac15a40ea07dbe3f1
1421,7193,"Xerophyllum tenax, Each stem is thick and grows to 5 feet tall.",ba6ebbb691b91e5fb644f98b93b428e3
1422,7194,"Xerophyllum tenax, Many thin leaves at the base of the flower.",d4b22919ca68838addeea131ed786444
1423,7274,"Chamerion angustifolium ssp. circumvagum, Four paddle-shaped pink petals are separated by four narrow, darker sepals .",6afbf3735cc60735db3a03be5c8109ac
1424,7275,"Chamerion angustifolium ssp. circumvagum, Many narrow, pointed leaves grow below the pink flower cluster.",8758c2cd9419c7386b190ee555b9c591
1425,7374,"Myriopteris gracillima, Long, thin fronds.  Often grows in rock crevases.",83a833d872e08b16e8107e4efbb5206a
1426,7375,"Myriopteris gracillima, Roots reach way back into rocks to find moisture.",01544d5ffd46770abf617cd466f95f36
1427,7376,"Myriopteris gracillima, Fronds have scales that reflect light and heat.",d660bc24d234f77babbc1af4de897cbf
1428,7388,"Trisetum canescens, Narrow spikelets form on thread-like, branched stalks.",f02c457dc3fc1ba00ed8bf780659872f
1429,7389,"Trisetum canescens, Several florets show above the glumes . Awns grow from the center (not the tip) of the floret and point a random angles.",da0c97b7197e0297ca66a08a790c29c6
1430,7390,"Trisetum canescens, Leaves are rough and fairly wide, sometimes with hairs along the margin.",dda8a4c08e409fb91ed9d90685b7a06f
1431,7502,"Plagiobothrys acanthocarpus, Tiny 5-lobed white flowers with a yellow center.",493e8847fc0112b022692a48f25a3ab6
1432,7503,"Plagiobothrys acanthocarpus, Flowers along the stem - notice the 5 bracts around the fruit, which is covered with prickles.",6b9a53500d9ab54f2cd540023bb3ae9b
1433,7504,"Plagiobothrys acanthocarpus, Leaves are narrow, about 1 inch long.  The entire plant is hairy.",50a937ae208d9347d13dd22cd96adde8
1434,7652,"Eriogonum latifolium, Small balls made up of many pink, white and green flowers.",226e663de58967c3c17058ce0b846592
1435,7653,"Eriogonum latifolium, Individual flowers are very small, with 5 petals in a cup and purple-tipped stamens.",2eccc9316741b9d2fe91504e061e91a0
1436,7654,"Eriogonum latifolium, Smooth-edged fuzxy leaves mostly near the ground.",0b43d7cb7e9a4f657ab59c6b625ad86a
1437,7676,"Vicia sativa ssp. sativa, Common vetch has compound leaves ending in a branched  [tendril]] that helps it grow up over other plants.",cf1ee8301af0549385bbceaa51590e1a
1438,7677,"Vicia sativa ssp. sativa, At the base of the leaves is a pointy stipule with a dark nectary that attracts ants to help defend its tender leaves.",ca6edaae62ef6f47ea3f5fb900af2c00
1439,7678,"Vicia sativa ssp. sativa, Pea flowers grow in pairs in leaf axils , generally with darker petals below the banner.",4ddf96d6e295b8e2a9a6e3e8c6643d08
1440,7685,"Platystemon californicus, Flowers have 4-10 yellow petals, often showing a creamy white at the tips and/or in the center.",36c9d01f5ba6a0ff2a7f1ab9014a1444
1441,7686,"Platystemon californicus, Cream Cups has different numbers of petals and many stamens .",f0dbec6d62f06dfa22a6feb6ee388881
1442,7687,"Platystemon californicus, Single flowers grow at the tops of stems that branch from the plant base.  Leaves are narrow and concentrated on the lower halves of the stems.",65c08b324c8ae9db8de30ebf6cca7696
1443,7712,"Myosotis latifolia, 5 blue petals overlap each other in a pinwheel.  Notice the  yellow center with white markings around it.",2e443ff4c5f1a44d233a3f2631c330d3
1444,7713,"Myosotis latifolia, Flowers are small (less than 1/2 inch across) and hairy.  They form a cluster along the top of the stem, which can be straight or coiled.",7199f45270021f77dc2746d46f7c391b
1445,7714,"Myosotis latifolia, Leaves clasp the stem, are fairly wide, and are several inches long.",137f961c2d5b120a86ff5e9e8330b550
1446,7718,"Vicia villosa ssp. villosa, Large arrays of tubular pea flowers hang straight down.  White, spreading hairs cover most parts.",9bb923cc7c6f2db17f79acc65ab02445
1447,7719,"Vicia villosa ssp. villosa, Colors vary from deep purple to pink and white.  Each flower has a banner petal that folds back, offering a paler set of petals for pollinators to land on.",211866b90761a3cedd5d131f93868155
1448,7720,"Vicia villosa ssp. villosa, Hairy vetch is a vine, draping itself over adjacent plants.",1a9f4b468eb4ecf88749b5664174fe4d
1449,7736,"Polygonum paronychia, Five white petals arranged in a cup.",fc19193c2f55048eeae94e21c7bdd5d7
1450,7737,"Polygonum paronychia, Leaves narrow with a midrib, with bristles underneath.  Papery stipule at base of leaf.",597e69cbb8ecd2830bf28292a1b8c82c
1451,7738,"Polygonum paronychia, Grows directly on sand.",7448f00d5b86f6581911714753e90e50
1452,7751,"Vaccinium uliginosum, Clusters of blueberries grow from low-growing woody stems.",0cfa6ea293d97bff0d3226a8223cd8d5
1453,7752,"Vaccinium uliginosum, Leaves are thin and oval.  Flowers hang down in bunches from pedicels (stalks).",1989821d4c973fe3d9044af325d15b37
1454,7753,"Vaccinium uliginosum, Like others of the Huckleberry genus, pink flowers are urn-shaped and hang down.",e615a4fd0da9919a25e42c0c2f16ed53
1455,7805,"Lupinus chamissonis, Violet and blue pea flowers form a column up to 8"" tall.  The stem has dense, silvery hair.",11ce888268c181349e3c679dcbb28108
1456,7806,"Lupinus chamissonis, Finger-like leaves are small, on short stalks, and have a dense covering of sliver hairs.  It can grow directly in sand dunes.",69fa282513bb0f98e9b79cc3d7d71bdb
1457,7807,"Lupinus chamissonis, This prominent woody shrub stands higher than most other plants in the coastal strand.",213731ba3c8970a80a19800955010f2e
1458,7838,"Dactylis glomerata, Spikelets are crowded on one side at the end of stiff, flattened stalks.",3f1cdc129799f269978ea80ccb13c946
1459,7839,"Dactylis glomerata, Leaves are very green and droop as they get taller.  Young blades are folded but open up flat at maturity.  Leaf edges and prominent midrib are rough.",ff047d335f6d737e74ef2cdab35eba49
1460,7840,"Dactylis glomerata, At maturity, a few, stiff, rigid branches hold spikelets near the end, forming open spheres.",01367216e41bac68040bc5ab8ec4ea20
1461,7844,"Trillium ovatum, A single flower perches above 3 large wide but pointed leaves (each leaf up to 8"" across).",9fa1ec6906ad16a4ba5f7bba30ef3d50
1462,7845,"Trillium ovatum, White or pale purple flowers turn darker with age.",621a2139c6509dc53dca9854209156fe
1463,7846,"Trillium ovatum, This trillium flower has become a deep purple-red after fertilization.",26b0870f976b6130ca57a3365d5d5dc0
1464,7966,"Lilium pardalinum, Large orange nodding flowers, with long stamens , hang down from the top of the stem.  Narrow leaves.",6104ed406212813a4e1f4426c8c446e9
1465,7967,"Lilium pardalinum, Flower petals have many dark purple spots on the inside.",fa9c10194be9c46b536c86b6a1560261
1466,7968,"Lilium pardalinum, Leopard Lily grows in small groups to about 4 feet tall, with a nodding flower at the top of the stem.",a06dd5959d961a36bc429a9c98a6cb63
1467,7978,"Hesperocyparis macrocarpa, Leaves are narrow and opposite, lying close to the stem.  Female cones are spherical, about 1"" across.",cbeb7bf540915c7090f10aeb5ad6e442
1468,7979,"Hesperocyparis macrocarpa, Pollen is yellow and forms in tiny cones at the tips of branches.",6562109198f82f91bc3217266ae23a50
1469,7980,"Hesperocyparis macrocarpa, Monterey Cypress grows in coastal areas and its crown is often shaped by wind.",a5b272ac05e29e09fd1a30c3c4acb1f4
1470,7981,"Urtica dioica ssp. gracilis, Opposite leaves are serrated and are covered with stinging hairs.  Thin strands of tiny green and white flowers droop down from leaf joints.",e14256df2a5b936d8eb822f871e3590e
1471,7982,"Urtica dioica ssp. gracilis, Leaves grow to 8 inches long.  They're deeply veined on top and fuzzy underneath.",c1ee6b92e1ea8eab33351c2e082c8d05
1472,7983,"Urtica dioica ssp. gracilis, Nettle grows to 7 feet tall, in dense stands.  Stems are generally not branched.",4dad8e750a998b3c7ee14dbd6d724d9c
1473,7987,"Berberis nervosa, Opposite leathery sharp-toothed evergreen leaflets, shiny on top, like holly leaves.  Underneath is paler.",014336085e8c4db44904e528f94e14dc
1474,7988,"Berberis nervosa, Flowers grow in clusters low to the ground.  They grow into a dark purple berries.",67cc0bde05b63b674423468882e9765c
1475,7989,"Berberis nervosa, Leaf stalks can grow many feet long.  Flower bunches are generally under 1 foot tall.",12610c21d26b5d0e9430235f7a90ffbb
1476,8083,"Polypodium californicum, Frond segments are wavy and slightly serrated.  Unlike most ferns, one segment connects to the next near the midrib .",a360e7819392eb28ca29b0d07ac2df6c
1477,8084,"Polypodium californicum, Oval sori , full of tiny spores, line up on the underside in two rows.  Leaflet margins are slightly rough, or serrated.",73161bdd78020cd98c698b9891c89f6c
1478,8085,"Polypodium californicum, Grows on moist, rocky, shady banks, often near water.",df7018178a886258548276757db8e371
1479,8134,"Gamochaeta ustulata, Leaves paler underneath due to woolly hairs.",82be8cd0ba2d0020509e1b811297f903
1480,8135,"Gamochaeta ustulata, Grows to 16 iches.",feec165a6cd2f42e344ae11f9cf92856
1481,8136,"Gamochaeta ustulata, Small composite flowers grow along the stem.",1f122e7ef55f8cab28c04b54f4c27822
1482,8140,"Sisyrinchium californicum, Single 6-petal yellow flower on the top of a long stem.",d57edbf802a3c01ea38828e5353972c6
1483,8141,"Sisyrinchium californicum, 6 yellow petals.  Ovary in the bulge below the flower.",cc4b50ed8e76267ca260f3e8fbd004be
1484,8161,"Crocosmia Xcrocosmiiflora, Striking orange and yellow flowers on tall stems.",85c39f00355e75259c591c7c02335a4e
1485,8162,"Crocosmia Xcrocosmiiflora, Stands 3 or 4 feet tall.",f5f7ef0edc30eb45b10c2cd5bdddd44d
1486,8163,"Crocosmia Xcrocosmiiflora, Sword-shaped stiff leaves.",8d8a23c20bbb7d7be4bd2d5a8638a7fd
1487,8178,"Cytisus scoparius, Yellow pea flowers are single or in pairs, off a short stem.",3e66070702b81707ff8fe28fbf02cc38
1488,8179,"Cytisus scoparius, Stems are star-shaped in cross-section.  Note the ridges in the picture.",6c7248e52379a37d6bd4b5d42c27093f
1489,8180,"Cytisus scoparius, Seed pods burst open in late summer, producing up to 18,000 seeds per plant.",f60cd4e10576bac5a5ed6b463a0aebcc
1490,8181,"Dudleya farinosa, A flat-topped inflorescence of yellow flowers grows at the top of a thick shoot covered in small, alternating leaf-like bracts .",1f736d783bc36985622d71a7d63f8548
1491,8182,"Dudleya farinosa, Succulent, pointed leaves grow in a basal rosette.  They can be green or grey.",ec93314ae31842a815ea894842f6e791
1492,8183,"Dudleya farinosa, Flowers are somewhat tubular with five pointed lobes at the top.",3b3b076c3eefb87906d2b24789642aba
1493,8184,"Erythranthe guttata, Two-lipped yellow flower, usually spotted red.  Found in wet areas.",19bd3af5ad40298ed518b99982f36f49
1494,8185,"Erythranthe guttata, Opposite leaves are toothed at the base.  They can grow to 5"" long.",9d17d55bc48cba1c0f74765ae7759197
1495,8186,"Erythranthe guttata, Grows in tightly-packed bunches 1 to 3 feet tall.",6fd4484cc69fca2f2160ffdd3d9d1e2d
1496,8187,"Pinus contorta ssp. contorta, Needles in 2s, up to 3 inches long",31f2a8410558f5d367eff511ccb0b13e
1497,8188,"Pinus contorta ssp. contorta, Pine cones with prickles",e9cb65eb6cbf2069edbc03f4510fefa1
1498,8189,"Pinus contorta ssp. contorta, This is a coastline subspecies, and is shaped by the wind.",692a2d3960448857129565e2ab1d6f94
1499,8280,"Cirsium brevistylum, Spiny leaves with a strong central vein.",5ac200d96f921935bf8e14aff8cef043
1500,8281,"Cirsium brevistylum, White or pink flowers about 1"" wide.",b0fd5e2997065aa0afb26e6832209c7c
1501,8282,"Cirsium brevistylum, Flower base is quite a bit wider than the flower itself.",d3f40cdb96175f18ec06eb108fbcc8a8
1502,8283,"Stachys chamissonis, Dark-pink trumpet flowers connect along the stem.  Notice their hairy purplish bases.",835671204dc9806328029a7939256829
1503,8284,"Stachys chamissonis, Leaves have indented veins and wavy edges, up to 7 inches long.",9066dc8aaf7f1aa488de7615ee20b8cb
1504,8285,"Stachys chamissonis, The stem is square in cross section, hairy, and erect to about 8 feet tall.",e10b0b07976510e33b5059bcdb7f3d88
1505,8286,"Hosackia gracilis, Multi-colored pea flower.",ae4a2fa0a370974c02accf640368b51c
1506,8287,"Hosackia gracilis, Grows low to the ground in patches.",688b511dd70178d7f4f1932af444daf9
1507,8288,"Hosackia gracilis, Leaflets off a central stem ( pinnate ).",760ab202c7275bbdcbb48f3addccefd3
1508,8592,"Diplacus bigelovii, Flower is over 1"" wide with a yellow and purple center.",b125250f0e7e8ce392a0bf72a382160b
1509,8593,"Diplacus bigelovii, Flower tube is long, surrounded by hairy sepals at the base.",08eb2e99529254c453e1bb04b1cdd0ff
1510,8594,"Diplacus bigelovii, Leaves are oval-shaped, about 1 inch long, and opposite.  This plant grows from 2"" to 10"" tall.",14f3124b0240698401055dca8f68ab69
1511,8637,"Eriogonum fasciculatum var. polifolium, Flowers are smaller and grayer than California Buckwheat.",c85c6a09eb75e5237f96b285ef77b437
1512,8638,"Eriogonum fasciculatum var. polifolium, Leaves are smooth and striped on the top, and fuzzy on the bottom.",dba21b28fd00f7232033bd726d0e1fdd
1513,8639,"Eriogonum fasciculatum var. polifolium, Foliage is near the base of the plant, with compact spherical flower heads at the top.",2525cf3bdaf9bae8043ae9f485853398
1514,8742,"Erigeron bonariensis, Yellow flowers are surrounded by a single layer of green phyllaries .  Become hairy when the seeds are ready to fly.",5ee5ca57445be22a4411427424c4e995
1515,8743,"Erigeron bonariensis, Thin leaves grow thickly from stem.",40332d68bc854f77376f2e7e53af7393
1516,8744,"Erigeron bonariensis, Grows to 3 feet.  If taller, consider E. canadensis.",ed31909f897131f1c014342d669085e0
1517,8802,"Ribes californicum, Gooseberry has a gorgeous hanging flower, with reflexed sepals , white petals, longer stamens and even longer pistils .",205ba454cea5cd9c1f8b9c35e5723efe
1518,8803,"Ribes californicum, Stems have spines at each place the leaves and flowers connect.  Flowers have stalks that let them hang upside down.",a4259d73a97f2df93aad057e4bb69d00
1519,8804,"Ribes californicum, Red fruits are covered in stiff bristles .",961c70889d3a7c126e553d04d58e5a13
1520,8814,"Phalaris californica, Spikes at the top of stems are short and wide.  Leaves are large, up to 1"" wide and 20"" long.",0e65e13e32321c437a33c73f772fc4a4
1521,8815,"Phalaris californica, Spikelets are hairy and have a single fertile floret .  They're tinged with purple as they mature.",0e5120c9cdfae16b422eb39f7327c7a0
1522,8816,"Phalaris californica, This is a pretty tall grass with a short inflorescence .  Look for wide, pointed leaves.",2ff0a8c052b766f41901932bc9447cd6
1523,8841,"Castilleja rubicundula ssp. lithospermoides, Each flower has 3 lower pouches and a narrow, vertical ""beak"".",a1c329bc74bac4dbde86dc8c508c1c26
1524,8842,"Castilleja rubicundula ssp. lithospermoides, Leaves have very narrow divisions.",e76519142ef6731cdbb6342d174dcd2c
1525,8843,"Castilleja rubicundula ssp. lithospermoides, Cream Sacs is native to northern California grasslands.  It does well on serpentine soil.",e61b31add0076085d4505e78003145ed
1526,8853,"Clarkia unguiculata, Diamond-tipped petals, red-tipped stamens , and a long, white pistil make this flower easy to identify.",b93bf2411d6d0efb1425dfa732da53c3
1527,8854,"Clarkia unguiculata, 4 petals start thin and then form a diamond or triangle at the end.  They can be pink to burgundy in color.",7f933fb59f3262071f1a1542e8856d82
1528,8855,"Clarkia unguiculata, Buds are quite hairy and typically hang down.",4329815924644da4c25e1f97994da105
1529,8859,"Sidalcea diploscypha, 5 pink petals with a slight fringe at the top.",138140604ffa83e70f4da0f78d88cd81
1530,8860,"Sidalcea diploscypha, Stem and leaves with long hairs.  Leaves deeply lobed into fingers.",b611c86c2b4c1d76996a335d6332cdbc
1531,8861,"Sidalcea diploscypha, Often grows in clusters.",c464ec3ee0e19ddf8221d670bfc4f30c
1532,9060,"Leptosyne calliopsidea, About eight yellow ray flowers surround many yellow-tipped disc flowers .",d2638059c1a0dd3110c8c9b188412bc7
1533,9061,"Leptosyne calliopsidea, About 50 yellow disc florets grow in the center.",3b7375e639eaec8c287dd9044a78c655
1534,9062,"Leptosyne calliopsidea, Coreopsis creates blankets of yellow color in the spring.",bf71fbdf4e4f3656e75f4d75e4bd2aa3
1535,9138,"Eriogonum fasciculatum, This California classic has narrow, rolled-under leaves and beautiful pink and white flower clusters.",07617359e27acf1f140c825ec157ae8f
1536,9299,"Ribes californicum var. hesperium, This variety has hairy leaves and solid red re-curved sepals .",6068273ff64100b4b06eb6c07295bc49
1537,9300,"Ribes californicum var. hesperium, This variety has shorter stamens, although they still stick out below the white petals.",cf2362860e86ab2c3811d436451127d8
1538,9301,"Ribes californicum var. hesperium, Leaves and hanging flowers emerge from spiny nodes on the stem.",942496618c1a82dd7c7851d591fe8a46
1539,9326,"Heterotheca sessiliflora ssp. echioides, Here's a yellow-on-yellow aster with a dozen or so petal-like ray flowers and many tiny central disk flowers .",e60a6fd887ef64d54ca7f6647f5718bb
1540,9327,"Heterotheca sessiliflora ssp. echioides, Several layers of narrow, green phyllaries surround the flower head.  All green parts are quite hairy.",79ca3aef12b288c64e538bd865de4fef
1541,9328,"Heterotheca sessiliflora ssp. echioides, Bright yellow flower heads turn brown with pappus after pollination.  Older leaves turn grey as their hairs become bristly.",2e075431090f37a5e063131969d1f453
1542,9377,"Lathyrus vestitus var. vestitus, Each pea flower has a pinkish-purple banner petal above a cluster of pale petals.",5970d76783f7bf848e554b546c409d47
1543,9378,"Lathyrus vestitus var. vestitus, Leaves are compound , made up of 8 - 12 leaflets, and have tendrils at the end.",535b7c378866cda26e8b6f09248bfcd2
1544,9379,"Lathyrus vestitus var. vestitus, Tendrils wrap around other plants, pulling the vine up into the sun.",bea44854429121326ebe2ca920ffa4ee
1545,9529,"Bromus madritensis, Here is a classic brome look, with long stalks and long spikelets , each with lots of awned florets .",01ee1e67316e6c4f3b6cff0d2999eafb
1546,9530,"Bromus madritensis, Early [[inflorescences] are dense, and hide the underlying branches.",d9ff97def97c0cb26255f11d9521f79e
1547,9531,"Bromus madritensis, This annual grows quickly, with short clusters of spikelets at the top of a single stem.",1fff1c66db8502858befdfaf629d0497
1548,9541,"Bromus diandrus, Ripgut develops a distinctive nodding form. Florets have very long (2"") awns with barbs that won't let you rub them backwards.",8498d41cb7f4a229c769122f0a8b4cf5
1549,9542,"Bromus diandrus, Ripgut grows vigorously throughout the rainy winter, maturing in the summer. Spikelets are narrow and long, with 5-8 overlapping florets .",f45425bf9fb77d476a8632f32c9927b2
1550,9543,"Bromus diandrus, Leaf blades and sheaths are hairy and rough.  Blades roll inward when dry.  Like other bromes , the sheath shows a V neck at the top.",de15e7906e4f496100629d6b92d5808c
1551,9550,"Centaurea melitensis, Globe with spines under yellow flower.  Sometimes purple near the top of the globe.",ec2a65e4f9e78e16f9214e026bf19b67
1552,9551,"Centaurea melitensis, Resinous leaves with strong central vein and wavy edges.  Note wing on the stem.",376b2aa749672068bd2edbb728b24fe1
1553,9552,"Centaurea melitensis, Flower heads at the top of erect stems.",a875c9458e40db3b6ae5fb784eb409e1
1554,9556,"Avena barbata, Spikelets hang down in an open inflorescence , making upside-down V's - a hallmark of the oat genus.",a4159029f90dad06c8dbcc351f09f68c
1555,9557,"Avena barbata, 2-3 florets nestle inside long glumes .  Look for hairy bases and long, bending awns .",22dc4b69ccf7bbaed63ed7f2f9f1a36e
1556,9558,"Avena barbata, Leaf sheaths, wrapping around the stem, are hairy.  The leaf blade is flat and can grow to about 12"" long.",3f3d6828fc05a287c85982c399ef7003
1557,9600,"Briza minor, Many small, triangular or oval spikelets present a smaller but airier version of its bigger brother - Rattlesnake grass.",5f82f964bc29bee6bc6a089f08a39e95
1558,9601,"Briza minor, Each spikelet contains 4 to 6 flattened florets that are wider than tall.  Florets are papery and translucent.",a08806346aa7c5bd859d1d540e57a2c6
1559,9602,"Briza minor, Flat leaves are prominent, often taller than the inflorescence .  Prominent ligules are up to 1/2"" long.",ebd6ccd0e39c4e0154a95c4ed8ee42e5
1560,9606,"Castilleja exserta, Each flower has 3 white purple-spotted sacks and a narrow beak on top, creating an ""owl's face"".",7fa358277bcff6bc10998de853393807
1561,9607,"Castilleja exserta, Leaves are narrow.  The whole plant is very hairy.",81be6ddafd47239f694dc7474176f27f
1562,9608,"Castilleja exserta, Found on grassy hillsides, it does well in serpentinite soils.",f15914940d9ce03d7be5320918f58380
1563,9609,"Pinus ponderosa, Needles in tufts at the end of the branch - they fall off after only a couple of years.",da3f5fa296a1f283b23f35f742794a88
1564,9610,"Pinus ponderosa, Prickly Ponderosa - cones have prickles that point outward.",2fa0cce33071662e19c1f276276ccb18
1565,9611,"Pinus ponderosa, Bark divided into large yellow/orange plates.",68c6522c44ca27fc44a2bd9841e24da9
1566,9621,"Vicia sativa ssp. nigra, Compound Leaves end in a branched tendril .  One or two pea flowers connect to leaf joints.  The stem is 4-sided and hollow.",f679ba69c1f74a50c42eb700cdf6a7a2
1567,9622,"Vicia sativa ssp. nigra, Bright pink-purple pea flowers are about an inch long",f4d54ebf54a5b379e1f3c33d36248fbe
1568,9623,"Vicia sativa ssp. nigra, Seed pods are black at maturity.",80a277157072b74800ce4824b69eda6d
1569,9627,"Melilotus indicus, Yellow pea flowers in a thin spike.",51d63467d483f1e3d3fed01048ef55ba
1570,9628,"Melilotus indicus, 3-part leaf, with serrations.  Each compound leaf stands apart from the stem on a petiole .",f4f57535768609fe74725f7e0ca797d4
1571,9629,"Melilotus indicus, A common sight by the side of the road, these yellow flowers are easy to spot.",d336cd1b9a7c873d87e34efac4272836
1572,9630,"Trifolium willdenovii, Deep lavender to purple base of petals, with white tips.  Can you see the cat's head in the flower facing you?",a84ab8820453856ebbff57cb35505e03
1573,9631,"Trifolium willdenovii, Leaflets are narrower than other clovers, and have toothed margins.",d5d0fe979be7ffb9be1eb53166ea861e
1574,9632,"Trifolium willdenovii, Base of flower head is bristly and distinctive.",1576d1fedba81aaa4e9fccee8ff69af2
1575,9633,"Quercus lobata, Heavy, arching branches drop their leaves in the winter.",2f0528393d0c3b64ba7418c9f248f562
1576,9634,"Quercus lobata, Distinctive deep fissures in the bark remind me of alligator skin.",9da2d9fb960bf7d6dbcce3f0b2fa4da6
1577,9635,"Quercus lobata, Some oak leaves end in points but these have rounded tips.  Notice the deep rounded cuts between lobes .",9131af4f86c34922c51b7042c657b629
1578,9636,"Briza maxima, This grass is easy to identify, with its nodding spikelets on long, thin stalks that wave in the breeze.  They're oval, papery, and have no awns.",1356dc697c545d1d78994421131edc50
1579,9637,"Briza maxima, Spikelets start pale green and become tan with age.  They're wide, fairly flat, and appear woven, with 12-20 florets .  They look and shake like the tail of a rattlesnake.",72ede36ad6e77862ffa3c7f8a99a12a9
1580,9638,"Briza maxima, Notice the purple shoulders ( glumes ) on these developing spikelets .  Leaves are flat and fairly wide.",6aff3e43dd09a53f9e5b20346158753c
1581,9639,"Avena fatua, Spikelets hang down in an open, branched inflorescence .  They form an upside-down V - a hallmark of the oat genus.",8f7665005802d941b154ca872b1f8582
1582,9640,"Avena fatua, Spikelets have long glumes , encompassing 2 or 3 florets and form a downward V.  Notice the hairy base. Awns are over an inch long and are bent.",7b6f7777d64339422373da1ae70a93c0
1583,9641,"Avena fatua, Leaves wrap around the stem and then open up into a flat blade that grows to about 16"" long. Ligules end in a sharp point.",6bcb5dbf2ae5491ee828ab9ba2a6f63b
1584,9645,"Holcus lanatus, Soft, arching spikelet clusters are fun to see and touch in the spring.",784ff4921660b21b6379c908103360ea
1585,9646,"Holcus lanatus, Spikelets emerge in striking, dense, dark purple clusters.  Over time, the clusters open up and the color fades to a whitish green.",41b17cb769a33cbd5ba490cba0ef02c4
1586,9647,"Holcus lanatus, Unfortunately, Velvet Grass dominates many damp meadows and disturbed places, choking out native species.",cff2c34f9ca6c6712df3873bed5540c2
1587,9657,"Ehrharta erecta, Dark-green leaves are wide and grow to 6"" long.  Parallel veins are prominent and the margins are often wavy.",42f4c4713fe7ddbe696dc4e23b402210
1588,9658,"Ehrharta erecta, An open inflorescence rises above the leaves, 2-8"" tall.",2acc936059d0e7f5b49c078edf2acf25
1589,9659,"Ehrharta erecta, Many oval spikelets cling to branching stalks.  The spikelets are small, less than 1/4"" long.",8c7cb5b0f9989a79b8b545df7fb1cacd
1590,9666,"Juncus effusus ssp. pacificus, A branched cluster of flowers, about 2"" tall, appears to come off the side of the stem.  Like all rushes , the flowers are 6-part and tiny.",5b5b9faf09c23ae9ef4baa4576a17f1a
1591,9667,"Juncus effusus ssp. pacificus, There is no leaf blade for this plant, just brown leaf sheaths .  Inside the sheath is the stem.  The non-native ssp. effusus has green leaf sheaths.",bfc71d519de6d7b8cff10922c39f0c21
1592,9668,"Juncus effusus ssp. pacificus, Pacific Rush does well on damp, sunny ground, such as at seeps, shores and marshes.",c62a695aa29c5def4826cf4fdd1d23af
1593,9669,"Cyperus eragrostis, Small spheres of spikelets perch on stiff, leaf-like bracts , giving this plant its classic Umbrella Sedge look.",f27f8315d313d46543a13309e7dbb994
1594,9670,"Cyperus eragrostis, Spikelets are arranged in a double umbel at the top of the stem.",29f4580720bec45137d98513417669d9
1595,9671,"Cyperus eragrostis, The inner umbel is made up of many spikelets containing 2-ranked florets .",0043cafcd7074913d710d0babfd5670f
1596,9675,"Sidalcea calycosa ssp. rhizomata, A dense group of 5-petaled flowers growing from a common point.",c8d9df030e4e90281e6995ddc2f88152
1597,9676,"Sidalcea calycosa ssp. rhizomata, Flowers grow out of hairy, protective, green bracts.",60016f5cad5833a2703800c93c5824e9
1598,9677,"Sidalcea calycosa ssp. rhizomata, Leaves are round.  Some are deeply divided into fingers.",35e5948f21bb46091d553a9eb82e67a9
1599,9678,"Castilleja affinis ssp. affinis, Coast Paintbrush has bright red bracts . Yellow-green flower tips provide an accent.",02aeef75e4f27c14de8bee7993987d02
1600,9679,"Castilleja affinis ssp. affinis, Hairy stems start green and turn purple with age.",8e4d293eb7ca54dbb913f5ae0aed90a6
1601,9680,"Castilleja affinis ssp. affinis, Coast Paintbrush is common at the seashore and in California's coastal hills.",2f969f5b999d82556d70987e86448e81
1602,9681,"Castilleja ambigua ssp. ambigua, A yellow and green paintbrush with white tips.  The yellow parts sometimes have rose centers.",c4e8c23e915bbea4e6f89cc312f1b237
1603,9682,"Castilleja ambigua ssp. ambigua, A cluster of Johnny Nips.",d45f8f223ca05583925ac7995d954ac1
1604,9683,"Castilleja ambigua ssp. ambigua, Leaves, arising from the base of the plant, are often deeply lobed.",608122ca94a601aaeb9d435021675573
1605,9684,"Castilleja densiflora ssp. densiflora, Flowers and colorful bracts form a dense, rounded cluster at the top of erect stems.  Small white pouches with purple dots decorate the display.",018be9e91f1e6afc2adac61d003a87cb
1606,9685,"Castilleja densiflora ssp. densiflora, Flowers are tubes that end in three white pouches and a narrow, vertical beak.  Leaves are quite narrow and often deeply forked.",640943dfe49d0c3cb136f42ab5b9fc54
1607,9686,"Castilleja densiflora ssp. densiflora, Like other paintbrushes, its roots can absorb food from the roots of adjacent plants.",939e1a8bd730988ceb3fb0fc0d1f38ce
1608,9699,"Ericameria ericoides, Bright yellow composite flowers.",e998556271fb7ada871234426e5ef5ff
1609,9700,"Ericameria ericoides, Short thin leaves in groups along the stem.",17815b18914734f4d55e0fd4c140aa90
1610,9701,"Ericameria ericoides, Covers large swaths of coastal beaches, making a big yellow display in the fall.",b92808313fec4342b0b5f23c1a7a7efe
1611,9738,"Cirsium andrewsii, Pink to purpleish red flower.",1d2d57d32d334aef3c3362769cfec7e0
1612,9739,"Cirsium andrewsii, Spines at base of flower point upwards.",3eb40f31795bb8fb427ab3b8427cd866
1613,9740,"Cirsium andrewsii, Many branches, often thick with cobwebby fibres.",d4413a0273e670a0338f9ff3f06a1b5b
1614,9750,"Lupinus polyphyllus var. polyphyllus, This large lupine has a column of pea flowers up to 16"" tall.",2abda18bdfc988e9681f64f79d4fa90f
1615,9751,"Lupinus polyphyllus var. polyphyllus, Each leaflet is 2 - 6"" long.  It connects to the stem on a long stalk that can exceed 1 foot long.",790f2a0fda87d5f7c6fee24e973d5250
1616,9752,"Lupinus polyphyllus var. polyphyllus, This is a marsh plant, and takes advantage of plenty of water to grow luxuriantly.",21e41e8436700c01a4e3a21b9133e73c
1617,9756,"Eleocharis macrostachya, This Spike Rush is a sedge, not a rush.  It has erect, bright green, round stems and no leaf blades.",a0e303323d5aad2f5b60168574858cf2
1618,9757,"Eleocharis macrostachya, A single spikelet , about 1"" tall, appears at the top of each stem, containing 30-80 florets , each covered by a protective scale.",403559ea0d4b3fa892c9fdc6531444b5
1619,9758,"Eleocharis macrostachya, This is a common sedge in fresh or brackish wetlands.",75ce2a250dec21569af844b4131f4f35
1620,9831,"Triphysaria eriantha ssp. rosea, Leaves and stem often turn purple.",5d8d1aad21920915dca10b18b4635e66
1621,9832,"Triphysaria eriantha ssp. rosea, Flower has an upper lip, and a three-part lower lip.",410ab56ffd2eac0884f830920dbbb39a
1622,9833,"Triphysaria eriantha ssp. rosea, Deeply lobed leaves.",3a75845b37a8af03e73fbfcfb5f43509
1623,10020,"Monardella villosa ssp. villosa, Flowers have narrow corolla lobes and are densely clustered in round heads.",b94dfb422354264861292d40a5e2a70d
1624,10021,"Monardella villosa ssp. villosa, Opposite leaves are toothed and have short stalks.  Rub them to get a strong minty smell.",e5cb3ceb15b4cba7135145db0a544d24
1625,10022,"Monardella villosa ssp. villosa, Flowers have nectar , an important source of food for butterflies and other insects.  Notice the butterfly's proboscis probing for nectar.",22778b8ea2023d9c1d93468e7eba4e46
1626,10029,"Pseudognaphalium beneolens, Flowers covered with several rows of white papery phyllaries .",1092d53ac5966e8a21cb9cb1ded9f566
1627,10030,"Pseudognaphalium beneolens, Thin gray leaves to 2 inches long, are scented when crushed.",cffc3f52ff5cd0723d99c8e5e78d84b9
1628,10031,"Pseudognaphalium beneolens, Grows about 3 feet tall in a bunch.",b59423869af4d20c61b22c6e3f68de06
1629,10095,"Crassula connata, Tiny leaves are opposite, succulent, and pointed.",58ec7701580c5e6c45ae0c1cb5c7c15d
1630,10096,"Crassula connata, Short plants with tiny leaves, green when new, turning red.",ee303581a5ec86f76b651406594577af
1631,10097,"Crassula connata, Grows in patches on rocky soil, sometimes in vernal pools.",02ea77fa8775626cbafdc132b1f0107b
1632,10107,"Chlorogalum pomeridianum var. pomeridianum, Fragrant flowers have 6 narrow, white segments (tepals).  6 tall yellow or purple-tipped stamens reach up from the center.",2c800bb7aa9eac7b8607154a9151542d
1633,10108,"Chlorogalum pomeridianum var. pomeridianum, Flowers attach to a long branching stalk, each blooming for only one day.",424159ab508c5d2327fd0f6e3a192a17
1634,10109,"Chlorogalum pomeridianum var. pomeridianum, Leaves grow to 18 inches long, have wavy margins and a rather straight center vein.  They mostly lie along the ground.",671faa13886a53b020e01ea1e4a577df
1635,10110,"Soliva sessilis, This is a very small annual with highly-divided leaves, growing close to the ground.",08e0a9bbafba5bb309cec8d722579848
1636,10111,"Soliva sessilis, Aster Family flower heads, made up of perhaps a dozen tiny green flowers, grow in leaf axils.  They develop into sharply pointed seeds that hurt to walk on barefoot.",58a36b669c55895df33d9b34ac11ba72
1637,10112,"Soliva sessilis, Burrweed outcompetes grass in hardpacked areas, such as by paths.",ae2871a266b553cef866f954d161f637
1638,10143,"Iris macrosiphon, Flowers are low to the ground.  Leaves are the same glossy green on top and bottom.",1b25deefb50b707087d39f96486055b4
1639,10144,"Iris macrosiphon, 3 upright inner petals are surrounded by 3 similarly-colored sepals that reflex outward. The sepals have markings that act as nectar guides to pollinators.",45134b1a02b960bfe3ad4d58a1a15a69
1640,10145,"Iris macrosiphon, The flower has a long tube at its base.",6cb7de5fcd7adef9682d30bf2c78d476
1641,10149,"Brodiaea elegans ssp. elegans, Purple tepals have a darker central vein. Around the central pistil ,  3 fertile stamens alternate with 3 infertile stamens that look like small white petals.",7c578e8393b74e9bb5d23bdb09c6c1d2
1642,10150,"Brodiaea elegans ssp. elegans, Each tubular flower divides into 6 recurved tepals .  The strong central veins are apparent from the outside as well.",6eb0b41b0d57ce80b1b04a158a26d78b
1643,10151,"Brodiaea elegans ssp. elegans, Flower stalks are longer than the flower is tall.",05f4423721b33c781259386ee0344761
1644,10152,"Lamium amplexicaule, Flowers grow in whorls from leaf axils .  Leaves clasp the upper stem and have rounded teeth.",7fce0984961435a384b3f173be325202
1645,10153,"Lamium amplexicaule, Tubular flowers have a hairy upper lip that holds stamens and an elaborate lower lip, decorated to attract pollinators.",d31ba3c1bd2e57495789dcfe255a94b4
1646,10154,"Lamium amplexicaule, Stems are square and have minute stiff hairs.",cb6f1007c2879e68dcfd8444c6535597
1647,10488,"Ceanothus jepsonii, This low-lying shrub is found in rocky serpentine chaparral .",9304d153aea27daf9e8ad2e97c92af8d
1648,10489,"Ceanothus jepsonii, Holly-like leaves and red fruits make this plant easy to spot.",6a0e9dd8c78523e10861605974f169fc
1649,10490,"Ceanothus jepsonii, Petals are generally in 6s, unusual for ceanothus which normally has 5 petals.",03575eee520f1094a6fa704b38f984db
1650,10503,"Pinus radiata, Candelabra of new growth.  Needles are bright green with a blunt tip.",994fd3c59b4687e4a5f0915cd95e2016
1651,10504,"Pinus radiata, Several cones grow from the same place on the stem.",293024dfa07008534849ffd005cbc4ea
1652,10505,"Pinus radiata, Often found at the edge of clearings.",10b052084822f255acdb66366730a404
1653,10506,"Wyethia angustifolia, A large flower, several inches across, with many bright yellow petals.  Brown and yellow center.",aa53a69000853cfa0d24ea0326a720ca
1654,10507,"Wyethia angustifolia, Leaf-like structures under the flower ( phyllaries are soft and hairy.",5e64f2d1f7a270c737514abf1b335e98
1655,10508,"Wyethia angustifolia, Narrow leaves at the base of this plant.",8e6feaa9f3c41ee7e57ca75f9a477638
1656,10509,"Linum bienne, 5 blue-tipped styles meet at the center of the flower.  Notice thin leaves along the stem.",82c127e1c294c401d093a8429b5619d8
1657,10510,"Linum bienne, Pale stripes radiate from the center.",8f24a2c9824bc8da2abc9c07a722c798
1658,10511,"Linum bienne, Generally under 1 foot tall.  Single flowers at the end of branching stems.",23f547bcf071c6c4f9a6e3da731045f7
1659,10518,"Calycadenia multiglandulosa, This is a single aster head.  Showy ray flowers surround tubular disc flowers .",9cc52a1a19667295095ac8fd137d1a49
1660,10519,"Calycadenia multiglandulosa, Each ray flower has 3 uneven lobes , the middle one smaller.  Green, narrow phyllaries have long glandular hairs.",a11fbc36cb0ba5f3fb9b271f58f9804c
1661,10520,"Calycadenia multiglandulosa, Each flower head is nestled in many narrow, ascending phyllaries .  Leaves are hairy, sticky, narrow, and often curl under.",48c839bb6c2be15713d3e067324ea804
1662,10521,"Sabulina douglasii, The flower is less than 1/2"" across and has a green center.  White petals are rounded.",7891e49021d91988826caad2e9329eb8
1663,10522,"Sabulina douglasii, The small, white flower has 5 pointed, green sepals that are shorter than the petals.",76ebbf15ed159797b182fe65f76a020f
1664,10523,"Sabulina douglasii, A slender stem often branches. Opposite leaves are curling and threadlike.",8a4ddb3baae4f1b3535051eb9de76b2c
1665,10527,"Monardella purpurea, Pink or purple flowers in a bunch at the end of the stem, with protruding stamens.",07c475f47924097f364f62542ba660fa
1666,10528,"Monardella purpurea, Both the opposite leaves and the cup of bracts under the flower are dark and leathery.",54391eadf977451e6b209b2477ec886b
1667,10529,"Monardella purpurea, Leaves are long and not very wide, but thick and leathery.",657466b60dd8bb35be0071189f25b2e2
1668,10530,"Calamagrostis ophitidis, This uncommon bunchgrass is found on serpentine rock outcrops.",6683be301b7327a431321915f0d4e169
1669,10531,"Calamagrostis ophitidis, Two glumes cover a single floret and an awn which starts at the base of the floret.  The floret opens up when ready to send and receive pollen on the wind.",451973692330d875da3f8851cb3a0dfb
1670,10532,"Calamagrostis ophitidis, Flower clusters (inflorescences) start narrow (appressed), open up at maturity, and then contract with age.",20616d64429a4d626a3666095b75f066
1671,10533,"Leptosiphon androsaceus, Flowers are about 1/2"" wide but extend downward in a thread-like tube about 1"".  At the base of the flowers are deeply-divided, leaf-like bracts .",77abbbcf40b4a1e7ba84acc7b4558519
1672,10534,"Leptosiphon androsaceus, Yellow stamens arise from a dark throat, and a slender, 3-part stigma extends further still.",1c9e6e6076e959b256e2820f1fc68e1a
1673,10535,"Leptosiphon androsaceus, Opposite stem leaves are broadly palmate with narrow divisions.",172661c5f620d3356ed2925a34d865bd
1674,10542,"Elymus elymoides, This plant is well named, with lots of spikelets , each with many long awns , at the top of the stem.",45c7671fdaa86bdec132b24a6d5d8aec
1675,10543,"Elymus elymoides, Awns are some of the longest among grasses.  They bend outward, forming a bottle-brush shape.",f934736301d06a4212a1378112e5d6e9
1676,10544,"Elymus elymoides, Each node on the stem has two spikelets , each with two awn -like glumes and a handful of florets with very long awns.",dc51a5c0cf08513ba10ca5ee4389eddf
1677,10545,"Melica torreyana, This dense bunch grass often arches under the weight of mature spikelets .  Grows to about 3 feet tall.",03cbc9f0af409cfbdbce6fec59556325
1678,10546,"Melica torreyana, Clusters of small spikelets crowd together at the top of the stem. Leaves are narrow and end in a point.",9d43969202c48ffa59b1ed95609385b8
1679,10547,"Melica torreyana, This dried sample shows spikelets connected on thin branches that stay close to the stem.",e508e37e94662b0f73feef204a4a6069
1680,10560,"Calochortus luteus, 3 yellow petals 1 or 2 inches wide, are deep yellow on top and densely decorated in red-brown below.",47d5126ebc3fc9bbb1511e5789f04cec
1681,10561,"Calochortus luteus, Narrow sepals grow below and in the gap between petals. Hairs towards the petal bases cover nectar glands.",468d9e9115e5107df698b49d07461c99
1682,10562,"Calochortus luteus, One to seven flowers bloom on stalks at the top of the plant.",50854a934819c65b344206c9017bfa46
1683,10743,"Elymus californicus, This bottlebrush grass bends near the top when flowers become heavy at maturity.",9656709874d20cade8fd29f1729f7626
1684,10744,"Elymus californicus, Flowers stick out sideways from the stem, and have long awns , creating a bottlebrush look.",ffc26a99a855ca7361fb0b44f46f5661
1685,10745,"Elymus californicus, This herbarium sample shows occasional wide leaves and a tall stem.",cad7bd7ce616ddb18b1ab1520fe162a4
1686,11046,"Epipactis helleborine, Leaves are broad and ribbed. Showy nodding orchid flowers grow along an erect stem.",2fc24946fc0c814e065e1edc9d5cf231
1687,11047,"Epipactis helleborine, Upper orchid petals shelter the flower, with a lower labellum making a landing platform for pollinators.",c0beb596912b92897a1ff8a6d4803717
1688,11048,"Epipactis helleborine, Grows to 3 feet tall.",bed71a3427a69bae21fe5dbc9e22f2e9
1689,11217,"Lapsana communis, Tiny dandelion flower heads top many branches.",48e1521673ae301b0ebdebe25fe847d9
1690,11218,"Lapsana communis, Leaves are oval with a wavy edge. They often have a pair of distinctive small lobes at their base.",1a462b24350644664e10c690c558c091
1691,11219,"Lapsana communis, No other dandelion has this look.",d06ac149e8184ab8387b2ab9827f1606
1692,11262,"Geranium core-core, 5 salmon-colored rounded petals.",2cde79168e29f560d917d3a8e6229cae
1693,11263,"Geranium core-core, Leaves deeply lobed, like fingers, with stiff hairs.",6ac7239389a9471484a542f75bdc0051
1694,11264,"Geranium core-core, Grows in disturbed sites at low elevations.",0546be9f059966339ec353665418fe79
1695,11376,"Piperia elongata, 3 green sepals form below 3 petals.  The bottom petal is a lip, with a white hollow.",4a072121d614689dd9ced5eb55503132
1696,11377,"Piperia elongata, Each flower has a long, curving spur that holds nectar .  The spurs are 3 times as long as the rest of the flower.",450e0cecda07c3bb94af9a7af544b523
1697,11378,"Piperia elongata, Pale flowers form a column on an erect, stout stem.",fec9acfb083c619483eca027a2601c56
1698,11391,"Arctostaphylos glandulosa ssp. cushingiana, Flowers are pale pink or white urns, hanging down in bunches.",999cc2f43e9441148175c2f312a8c221
1699,11392,"Arctostaphylos glandulosa ssp. cushingiana, Notice the small leafy bracts on the right, forming behind future flowers.",d20c9877bd3c91c2ca7bd04e8d3794ed
1700,11393,"Arctostaphylos glandulosa ssp. cushingiana, Eastwood Manzanita has a burl at base, and smooth red skin.",d8e8cb6caee1e5b37e760fa9d79af170
1701,11439,"Carex praegracilis, The inflorescence is short and dense, with separate male and female florets in the same cluster.",dbad0078b2d3c4a12d8d2b4f2e014e66
1702,11440,"Carex praegracilis, Male flowers protrude from their protective scales.  Female flowers hide inside brown scales except at maturity.",f3e9907b14028961e1385a1448c9e94b
1703,11441,"Carex praegracilis, Leaves are long, narrow, and either flat or V-shaped. Praegracilis is Latin for ""very slender"".",bb452aa941f04f699cac2e78820fc315
1704,11448,"Cuscuta pacifica var. pacifica, A parasite, this plant connects to green plants to get photosynthetic sugars created by them.",6dc62d3a70342b0886b4d9bcb4b04605
1705,11449,"Cuscuta pacifica var. pacifica, Tiny white 5-petaled flower.",5573bd8dd2dfe27095598b6264183b48
1706,11450,"Cuscuta pacifica var. pacifica, A slender-stemmed orange vine that wraps tightly around other plants.",8e77b7761a0c4131073a414dd2839558
1707,11451,"Salicornia pacifica, Succulent stems are broken into sections.",3b70978bb5aceb5d3c599dc4cdc0af2e
1708,11452,"Salicornia pacifica, Tiny pale flowers around the end of stems.",b5cd865f96a6edf0697638375beb2d4b
1709,11453,"Salicornia pacifica, Red-tipped Pickleweed is easy to spot, and grows in large colonies in tidal mudflats.",0b8dd43d39cae0458e96212b0dfd3852
1710,11454,"Distichlis spicata, Leaves excrete excess salt.",c98b3957006687e4e4fcf4553b611e22
1711,11455,"Distichlis spicata, Flowers are in bunches at the end of stems.",0f5ef610168d281230e44d679e2c9215
1712,11456,"Distichlis spicata, Stands erect, about a foot tall, often dominating an area.",66dd2206f242d55eff19690efa51a12e
1713,11460,"Morella californica, Flowers form green and/or red bumpy masses, with no petals.",aa2eaa4b8088f7df266a9a1db8570c04
1714,11461,"Morella californica, Fruit is a wrinkled and purple.",8732dd7b604daa0c4965a4238b338561
1715,11462,"Morella californica, Wax Myrtle grows in patches on cool seasides.",d8c2882147460f4b850026b0bc56a897
1716,11493,"Triglochin concinna, Thick stems.  This is not a true grass because it does not have hollow stems.",0b44266cf1b6d9fba75b8b330e5c28ae
1717,11560,"Lasthenia californica ssp. californica, Wide yellow ray flowers surround the flower head.",e31dee2941a7da5dfa86b7b96968071b
1718,11561,"Lasthenia californica ssp. californica, Opposite leaves are narrow. A single stem sometimes makes opposite branches.  The flower sits at the top of the stem.",b2550b95f6f73aae425fc5e8f3829c36
1719,11562,"Lasthenia californica ssp. californica, Goldfields tend to bloom at the same time.  They make quite a display, living up to their name.",04ae2f744b95d2d7ebb993d1dbbe2cfd
1720,11617,"Clarkia davyi, Four pink petals.",4db1b5527884bb5d5ebdd43a8b6f933f
1721,11618,"Clarkia davyi, Grows along the ground, or somewhat upright.",3925b3ec43bc5428adbcef621cf55ebb
1722,11619,"Clarkia davyi, Long thin leaves.",29fb93a6601c4e075486695009d6308a
1723,11620,"Brodiaea terrestris ssp. terrestris, 6 widely divided petals, each with a dark stripe.  Yellow centers make an easy target for pollinators.",c736baab042c312154518baba5242609
1724,11621,"Brodiaea terrestris ssp. terrestris, Flower grows right out of the ground.",6d97cb4cb52ca45e04a8470844d63f7e
1725,11622,"Brodiaea terrestris ssp. terrestris, Thin leaves grow out of the ground.",969c33c08c14cd286fc9fff946477e51
1726,11635,"Leptosiphon grandiflorus, Larger flower than Variable Linanthus, but still with yellow centers.",d9d71fc9f905a6f8a70e019cfcc9e04b
1727,11636,"Leptosiphon grandiflorus, Narrow leaves and flowers all at the top of the stem.",2c21439a64d43f18158932f48b000bfa
1728,11637,"Leptosiphon grandiflorus, A beautiful cluster of flowers at the top of the plant.",18c675bc4f06c5138a0a6ab73d211cab
1729,11641,"Horkelia marinensis, Petals are generally white, starting narrow and widening to rounded ends.",ecc85175831a9c6e789cc7b0949aa21e
1730,11642,"Horkelia marinensis, The center of the flower is surrounded by a ring of stamens, around 20 to 30 pistils.",0d4b495f5e6c3a7b5bd6a80eb3b9c210
1731,11643,"Horkelia marinensis, Leaves are made up of toothed, hairy, gray-green leaflets.",6fab272029f485c922a2301905b44aad
1732,11647,"Platanthera dilatata var. leucostachys, Each orchid flower has 3 separate petals below (the 2 sideways ones are technically sepals) and another set of petals that form a hood over the center.  What a flower!",037b3c58ccbabb625f73be8935a9d330
1733,11648,"Platanthera dilatata var. leucostachys, A tall cylindrical spike of white flowers, blooming first at the bottom.",9863ec460da8158bef604f185c8dc450
1734,11649,"Platanthera dilatata var. leucostachys, Usually found in wetlands.",6213de5f01583a6069df0d2fb7bc681f
1735,11653,"Leptosiphon parviflorus, 5 petals, often white or pink, but may be other colors as well.  Yellow center.",3397c63b550f298aab8c3e13538015ae
1736,11654,"Leptosiphon parviflorus, One or more tubular flowers on the top each plant.",921a3a370a17b9814b248120a88c5a15
1737,11655,"Leptosiphon parviflorus, Each flower has a long narrow tube up to 1 inch long.  Note the narrow leaves at the base of the flowers.",a673c8fa322a04028ad9dc41bd231728
1738,11656,"Triantha occidentalis ssp. occidentalis, Whorls of white to purple flowers, with prominent stamens.",8ce3ea8baa22e2a33920873add3e5618
1739,11657,"Triantha occidentalis ssp. occidentalis, Mature flowers have yellow-tipped stamens.  Early flower have reddish-tipped stamens.",c17a88901d09de80c9c8ceabc69a2e5c
1740,11658,"Triantha occidentalis ssp. occidentalis, Leaves from the base, narrow and up to 3 feet long.",493c8cd9b272f6542635124248c698df
1741,12241,"Erysimum concinnum, Four white petals around a green center.",eeaa6a87372d141cd2c0e8b5f8f1a0d1
1742,12242,"Erysimum concinnum, Here, lower flowers have finished blooming and have gone to seed (long skinny things).  Upper flowers are blooming.",be339fa4bcfde3168656d0ce8fd3d344
1743,12243,"Erysimum concinnum, Leaves are dark green, mostly at the base.",a0da74b336cf97fd8cf4958beea91e9f
1744,12268,"Lupinus littoralis var. variicolor, Stems often lean sideways and end in a medium cluster (to 6"") of varicolored pea flowers .",5c1a93a514da4d338c4f9642fd7c53c1
1745,12269,"Lupinus littoralis var. variicolor, Flowers make a tight group near the end of the stem, often forming whorls.",6cae17f615eefc2fe31fc006519a9f7a
1746,12270,"Lupinus littoralis var. variicolor, Beautiful flowers vary in shade and markings.",bdfbea8e0f639f9fee8ae80696aad723
1747,12277,"Cerastium arvense, 5 deeply divided white petals.with yellow-green center.",19a5711df1ce824d94d8d62a2e644dbd
1748,12278,"Cerastium arvense, Small flower, often grows in groups.",e51d9e0f16db9cff91a845fb40b1858e
1749,12279,"Cerastium arvense, Leaves opposite, attach directly to the stem.",9c4fb44fe34b52f5e6adf03a72e9530f
1750,12286,"Triphysaria floribunda, Flower has a greenish upper petal and 3 yellow or white pouches below.",1a8384955ec7110121e19211c1737264
1751,12287,"Triphysaria floribunda, Stem thickly covered with thin leaves.",50647674f1a40127cd14a5708b0c5611
1752,12288,"Triphysaria floribunda, Flowers in a cluster at the top of a 1 foot stem.",5c6a0c26c4a611963f36fa72139b1875
1753,12301,"Calochortus tolmiei, White flower in 3s.  A member of the Lily family.",ab83080bb5cd8edcfa1ef854fa98403e
1754,12302,"Calochortus tolmiei, Flower is usually very hairy.",35fc9f6658b5f8caa0703a1e3f7c4af2
1755,12303,"Calochortus tolmiei, Basal leaf can over a foot long.",b3f148f500baed68514c1cbc6fa84569
1756,12409,"Castilleja subinclusa ssp. franciscana, This bright red paintbrush ""flower"" is easy to spot.  Look for yellow-green protrusions.",4073731054e7538c9406d96a5fda0f6f
1757,12410,"Castilleja subinclusa ssp. franciscana, Leaves are narrow and can be several inches long.  This yellow individual is unusual - the plant is normally red with yellow accents.",3d22045b16075e43caa8462b9f9e562e
1758,12411,"Castilleja subinclusa ssp. franciscana, Flowers stand erect in coastal areas around the San Francisco Bay.",71809aa762414e80dc4f58c927ec9e3c
1759,12424,"Lepidium didymum, Deeply divided leaves and tiny ball-like flowers and fruits are easy to miss unless you look closely.",cf9ebb913054493d6301f45dc54a1861
1760,12425,"Lepidium didymum, Each flower has 4 white petals, really small, about 1/50"" long.  Fruits look like flattened balls.",e460118564c0f1865a9703fd08c809d6
1761,12426,"Lepidium didymum, This low-growing weed fills in empty spots in disturbed soil.",e719dc5ee92f430737f60647cea6703e
1762,12922,"Symphoricarpos albus var. laevigatus, Leaves are smooth-edged and oval.  Berries are bright white and not edible for humans.",6bde08f2135051f47093c77566eadce0
1763,12923,"Symphoricarpos albus var. laevigatus, Leaves are opposite and often bend up from the center vein.",65791532d4ea8621d0995daa5d86e006
1764,12924,"Symphoricarpos albus var. laevigatus, Tight clusters of pink and white flowers form at the top of the stem.",1d1b999656c0d3038bb66a2e6d399094
1765,12949,"Circaea alpina ssp. pacifica, Small white flowers from a green base, with long stamens.",051a50873d318366948befa4ac83f52a
1766,12950,"Circaea alpina ssp. pacifica, Leaves wider near the stem, coming to a point at the end.",d9f73e502464f18c086841f1601b7760
1767,12951,"Circaea alpina ssp. pacifica, Flowers on thin flexible stems, above the leaves.",b4c38dd35d0932f2f430951d341fa017
1768,13178,"Piperia elegans ssp. elegans, This orchid has a dense column of white/green flowers.  Most sepals and petals re-curve back toward the stem.",de2cae1804231dc01f8915393e6f514a
1769,13179,"Piperia elegans ssp. elegans, Flowers have a long, curved spur (brown in this photo) that is longer than the rest of the flower.",a36cd8756bfca9d79efc3d31007d465d
1770,13180,"Piperia elegans ssp. elegans, A stout stem supports a flower stalk that can be over a foot long.  Flowers bloom from the bottom up.",14c50afaed7ab10e22e73ff0f1b66549
1771,13187,"Stipa lepida, Foothill Needlegrass is an erect bunchgrass, common and widespread in California.",cb0345d094cc5d9a224dad91aef3a479
1772,13188,"Stipa lepida, Stems are topped by a branching inflorescence of nodding spikelets dominated by long twisting awns .",a2cf009a862a9c52348b639c20725159
1773,13189,"Stipa lepida, Each spikelet contains a single floret with a long awn . The awn has two bends that twist when it dries.",014c11c510d9fcde52be36f44b782412
1774,13439,"Erysimum franciscanum, Four separate petals, like a windmill, with a dark yellow center.",778ae86c84f487222d34e98ea24d3f1e
1775,13440,"Erysimum franciscanum, Grows several feet tall.  Notice the long seeds from flowers that have already been fertilized.",8dd05b2d8cc6324ad0d8cd439c0396cf
1776,13441,"Erysimum franciscanum, In damp areas, grows thickly and produces a beautiful honey-rose smell.",4aba8099d1a52fb5a465fc7508467ece
1777,13463,"Festuca myuros, Spikelets are often arranged in a row on one side of the stem.  Leaves are thread-like and sometimes inrolled .",9ddc3d57798c79cbc3235ba565a5760a
1778,13464,"Festuca myuros, Here's the rat tail, with spikelets standing out from one side of the stem. Florets are hairy and have straight awns .",11d03ab8773ca2448fe73e781c9b28a1
1779,13465,"Festuca myuros, This grass is very common in open, sandy places.  It has many narrow, light-green leaves. Spikelets turn silver in the summer.",0c5270e500d1d7f64e74e9461af81668
1780,13469,"Festuca rubra, Red Fescue expands primarily as a bunch grass but it can have short rhizomes .  Leaves are dark green.",2021355630934cbb3024f3d1bfebbff1
1781,13470,"Festuca rubra, Leaf blades are narrow, up to 12"" long, and folded.  Short hairs point downward, making leaves feel rough.",e99cf1a7e710f096047b2bd7077ee14e
1782,13471,"Festuca rubra, Spikelets are about 1/2"" long.  They have 2-ranked florets with short awns .  They become red to dark brown at maturity.",c8fa19c33419b5d2c02012beab789e4a
1783,13607,"Hordeum vulgare, Common Barley has been bred to generate large, fertile spikelets that stay on the plant at maturity.",28d21402739bbc35afdec3a5ab510828
1784,13608,"Hordeum vulgare, This plant is a major cereal grain used throughout the world.  It is domesticated in California, and is found near fields but doesn't persist in the wild.",3046f146096b04ce1259f0346f14bc80
1785,13615,"Arctostaphylos manzanita ssp. manzanita, Common Manzanita produces huge numbers of flowers, dropping a white carpet on the ground in March.",5e7ff2e3bae2f391f9935aea0876f304
1786,13616,"Arctostaphylos manzanita ssp. manzanita, Leaves are long and oval.  Brown leaf-like bracts form at the base of flowers.",91481d51bffdd2f7ea5605052f1d9e3b
1787,13617,"Arctostaphylos manzanita ssp. manzanita, Common Manzanita is a large shrub, often growing to tree size.",4e2dc8ed539f2f570663c19a11951732
1788,13951,"Juncus effusus ssp. effusus, Yellow-brown flowers grow at the top of a ridged stem, with a smooth stem-like bract extending above.",d5c9db5d2ea46a9e9c2480db4d07f05c
1789,13952,"Juncus effusus ssp. effusus, Leaf sheaths are green at the top.  There are no leaf blades .",b776c5d95f8a2f055bec052da5485e3b
1790,13953,"Juncus effusus ssp. effusus, This weedy species is primarily green at the base.  The native ssp. pacificus is brown at the base.",eaed5373a6df794bcf7b46430421a8fd
1791,13987,"Hordeum brachyantherum ssp. brachyantherum, Spikelets turn purple at maturity, opening up but still connected directly to the stem.",7e0bee817c36df6832725a6189d375b0
1792,13988,"Hordeum brachyantherum ssp. brachyantherum, Young spikelets form a dense cylinder.  They're flattened and 2-ranked , lying along the stem.",bc880fab939e7abd1e46d4f89335687d
1793,13989,"Hordeum brachyantherum ssp. brachyantherum, This subspecies of Meadow Barley has hairless leaf sheaths. Subspecies californicum has hairy leaf sheaths.",f9314785aae09c1d6e9f81dc313ed091
1794,14416,"Taraxia ovata, The flower has four separate yellow petals.  Long stamens and a pistil emerge from the center.",c9cb8c593eb7de8c0dd00354403eb8be
1795,14417,"Taraxia ovata, Sun cups grows low to the ground, above a rosette of leaves.",350fd87f506ef7a3eff7a94402e97e91
1796,14418,"Taraxia ovata, Each flower grows on a separate stalk.   The stalks are often red.",cedf2064fb89454e4bd8078768adeaa8
1797,14419,"Whipplea modesta, Modesty is modest - a small low-growing plant that is mostly leaves, with flowers forming little white balls at the top of short stems.",93b15bbb02f0fe0bbd5d3fadcf670e87
1798,14420,"Whipplea modesta, Up close, the flower is beautiful and fragrant.  It has 5 separate petals and white-tipped stamens around a yellow center.",3e56b7a4b6004783da2b3350b88a5668
1799,14421,"Whipplea modesta, Notice the opposite leaves on a plant that grows perhaps 6 inches above its woody vine stem.",06359345548163c47e70ebf83216e349
1800,14434,"Primula hendersonii, 4 or 5 pink petals bend up,  and reproductive parts point down.",ffa23e855eff0ab9dd37b1facd75592e
1801,14435,"Primula hendersonii, Flowers form loose groups at the top of a 1-foot-tall leafless red stem.",dbe6d99e6f442036546382f420fe01aa
1802,14436,"Primula hendersonii, Smooth-edged and smooth-topped leaves are rounded.  They're all basal .",b46f876e5fffedf19478ba73d1ad3920
1803,14440,"Romanzoffia californica, Flowers on the end of long thin stems.",b92e9c490a23e62d42588b292762cfa0
1804,14441,"Romanzoffia californica, 5 white petals form a funnel to a yellow center..",a9426687971aedf1db5afa816cdad6e0
1805,14442,"Romanzoffia californica, Lots of roundish lobed leaves.",7c5817bca91d1b6f61c96a268e809337
1806,14443,"Lithophragma affine, Each petal ends in 3 lobes, creating a white star effect.  The whole flower is about 1/2 inch across.",7008d50b9f7b9bb542dc54c8223f72fb
1807,14444,"Lithophragma affine, Widely spaced flowers grow along a thin red stem that grows to about 20 inches.",8f352ec9e0706e49f16cf8aeddd1bc23
1808,14445,"Lithophragma affine, Leaves at the bottom of the plant are roundish, with 3-5 pointed lobes . They connect to the base of the plant on long stalks.",66a83b812391cde368b820353bf38769
1809,14449,"Clarkia purpurea ssp. purpurea, Notice darker spots on each petal.",3ca958b50ba20158d8a5c38e060d0856
1810,14450,"Clarkia purpurea ssp. purpurea, Lance-like leaves",7c10b9083a32dfd8b025fa1f736cb1fa
1811,14463,"Viola ocellata, Two dark spots in the center of the flower are the two eyes.",15049599d2bdc7b68c0795a8f851aa1b
1812,14464,"Viola ocellata, Purple behind the petals.",5a15adfd7f8a3e70ef9b31b892900b78
1813,14465,"Viola ocellata, Heart-shaped violet leaves on stems.",628b8ccbf5db25e9ed7d26b0d29398dd
1814,14469,"Iris foetidissima, Flower is pale blue to buff yellow.",ce51ed56466a8735462ba806625ef642
1815,14470,"Iris foetidissima, Leaves are wider than other Marin Irises.",fd6bd16cabb4f5a3ed30316645b60d53
1816,14471,"Iris foetidissima, Red seeds remain on the plant for a long time.",baf58da17a3f68bff59ac680132c23c6
1817,14472,"Clarkia rubicunda, Lilac-pink flowers often have a ruby-red center.  A four-part stigma forms a white cross in the center.",b1e75aafd87a3979fc8147395d37345e
1818,14473,"Clarkia rubicunda, Flowers grow from the tips of branches. Alternate leaves are narrow.  Seed pods are too.",9fc830a24a39fcd496067947c957d445
1819,14474,"Clarkia rubicunda, Sometimes called ""Farewell To Spring"", this flower blankets grasslands until fading in mid-summer.",c0ab35204e5f42e1ac6fbe10d2f50466
1820,14484,"Clarkia gracilis ssp. gracilis, 4 pink or purple petals with white tipped stamens.",006079a04a70f0312c57ebe053a8d783
1821,14485,"Clarkia gracilis ssp. gracilis, Bud droops before bloomnig.",488573a519408d8d0064907df621678d
1822,14486,"Clarkia gracilis ssp. gracilis, Narrow leaves about 1 inch long.",567c1d665653ca9d0c183522dd9323da
1823,15049,"Lupinus microcarpus var. microcarpus, Pea flowers form whorls in a cluster up to 12"" tall.",67f7db00c3cfe11d2ab6b1b6aca09a8c
1824,15050,"Lupinus microcarpus var. microcarpus, Finger-like leaves are palmate .  They're smooth on the top and fuzzy below.",f5cce7208b2fa8b073c131aa2c74ea6d
1825,15051,"Lupinus microcarpus var. microcarpus, Pea pods are small and hairy. They do not migrate to the side of the stem, as with var. densiflorus .",973b998ec6ed7392c36065123f04422e
1826,15229,"Schinus terebinthifolia, Compound leaves are darker on top.  Each leaflet can be up to 2 inches long.",6136dfe28e1d4e9addbb9a96755a672c
1827,15230,"Schinus terebinthifolia, Large clusters of bright red berries",a04bc412ffaffec247732862dd180428
1828,15231,"Schinus terebinthifolia, An ornamental tree that is mildly invasive.  Grows to 35 feet.",ad5b438321f5634108a7c59d3924d923
1829,15247,"Berberis pinnata ssp. pinnata, Dark green evergreen holly-like leaves, often with spines.",5d59661cf20ec3fe13045d2378051ea5
1830,15248,"Berberis pinnata ssp. pinnata, Tight clusters of yellow flowers turn into large purple berries.",caa919ba487788e4783515aa2f50fbed
1831,15249,"Berberis pinnata ssp. pinnata, Erect stems to about 6 feet.  Flowers in tight spikes.",ff4cde8fad039ebeadec078a2d484c93
1832,15319,"Prunus subcordata, This is a large shrub or small tree, sometimes thorny, with leaves that have wide bases.",a9b57ab57e120323708ea2107e36509c
1833,15320,"Prunus subcordata, White flowers have 5 petals and stamens that are longer than the petals.",459fc6405c1b608a3351c33f64513ae0
1834,15321,"Prunus subcordata, Fruits are yellow to dark red, growing to about 1 inch across.",85ff5b79f6fe7be46718d913c7a5626b
1835,15343,"Arctostaphylos viscida, Stems and berries are sticky (thus viscida).",15c781fc1fd74fd6e1327008c1bfe951
1836,15344,"Arctostaphylos viscida, Leaves are pale green on both sides.  Berry stalks ( pedicels ) are 2 to 3 times as long as the berry is wide.",2bac8f5f3ff1160c9e9393cf6f197eef
1837,15345,"Arctostaphylos viscida, Berries are smaller than Greenleaf Manzanita, and more spread out.",b88e9d9fec87ab68beb32aa7134bafd4
1838,15346,"Fragaria vesca, 3 leaflets at the end of a long petiole , plus the white strawberry-style flower make this one easy to ID.",af6f4308ab1eda0db378a6fb4d533e4c
1839,15347,"Fragaria vesca, The strawberry flower is less than an inch wide.  It has 5 thin, separate, white petals with green sepals behind.  The yellow center features many long stamens .",c576fb539f07d1ee139151a5fcc844ce
1840,15348,"Fragaria vesca, Wild Strawberry has a small but fragrant fruit.  Like other strawberries, its seeds are on the outside!",31a576fc3d883c26f757f7048642ee01
1841,15349,"Rosa gymnocarpa, 5 separate petals open up about 1 inch across.  Many yellow-tipped male stamens surround 5-10 female pistils in the center.",3947a8b7ecc3b556a1440331aa3453a5
1842,15350,"Rosa gymnocarpa, Stems protect themselves with many needle-like prickles. Compound leaves form 3 or 4 opposite pairs plus a terminal leaflet .",38d4438be5ee7bafd0bbcd76a1b79bad
1843,15351,"Rosa gymnocarpa, Gymnocarpa means naked fruit.  This rose hip has no leafy sepals attached, which is unusual for roses.",624d5e4ad85a449a77c7b7de150fda1c
1844,15458,"Agoseris heterophylla, The flower head often has hundreds of yellow ligulate rays but no disc flowers . Stigmas in the center are sometimes orange.",ec52b5e64121ad89dcd9ebf47a84883d
1845,15459,"Agoseris heterophylla, Basal leaves grow to 6"" long and 1/2"" wide.  Edges are smooth but sometimes have lobes .",c02cc8bd06e123b82a584958cb2448f5
1846,15460,"Agoseris heterophylla, Seedheads are pretty, about 1"" across.",d39a62030a670fa76188361f4d57a9c7
1847,15503,"Microseris douglasii, Small, dandelion flower heads have white or yellow ray flowers and no disc flowers .",dbc1fdf6b69b776573ca26f74165c454
1848,15504,"Microseris douglasii, Bare stem nods in bud and is straight up in flower. Basal leaves are narrow and rise up off the ground.",23e147614700903d5d1c7596706f8125
1849,15505,"Microseris douglasii, Columnar fruits are tipped with 5 white scales, each tipped with a bristle, forming a papery starburst.",7dc0eca6a4d892d880413a1a4d15a1ea
1850,15506,"Microseris paludosa, Yellow and orange dandelion heads top each stem.",8e2a5c8f025d2d89036301c956a01031
1851,15507,"Microseris paludosa, Long leaves (6-12"") grow from near the bottom of the stem.  Shorter leaves grow higher up  The stem nods in bud.",618c1278c488363caf6e4a8fa7d593b8
1852,15508,"Microseris paludosa, Each fruit grows a pappus of 5-10 short papery scales.  Each scale has a long bristle at its tip.",e4d364a5a73e41789122b26785a03da4
1853,15518,"Stebbinsoseris decipiens, A yellow dandelion head sits atop a dedicated stalk. Basal leaves are narrow and rise up from the ground.",36990d285a8507c73969178899212163
1854,15519,"Stebbinsoseris decipiens, Long, spindle-shaped fruits end in 5 white scales tipped by bristles , forming a papery starburst.",aea82877b68fb94bc09c8f2fc81b7bce
1855,15520,"Stebbinsoseris decipiens, Santa Cruz Microseris often grows in serpentine grasslands not heavily covered by annual grasses.",5751e876791fe6eb5f3525032621e567
1856,15533,"Tolpis barbata, This dandelion has graduated colors, from red to pale yellow.",a9072e304defa275bd0f9f29759bf2cf
1857,15534,"Tolpis barbata, Basal leaves are oval, stem leaves narrow.  Leaves are covered in a hairy fuzz.",262c71a012df13506862352a9235e2b5
1858,15535,"Tolpis barbata, Each fruit has a few bristles connected to it.  Phyllaries dry to tan and stay on the plant.",2ffed5a906e900f7d5b449bfb28a85e1
1859,15650,"Viola pedunculata, Brown lines on the lower petals are nectar guides for pollinators.",40e2743354476931ddfab18185bf5afc
1860,15651,"Viola pedunculata, The top two petals have a red-brown back.  Long green sepals protect the flower in bud.",98d714067651a581144607b7c55e2aa8
1861,15652,"Viola pedunculata, Flowers and leaves grow on 1-4"" stalks from several stems.  Leaves are 1-2"" wide and roughly triangular, with small teeth.",0619e47bc11fe71578dd36e25d90916f
1862,15656,"Ligusticum apiifolium, White Carrot Family flower heads",c4280667a6151929c766b3dac20a3d77
1863,15657,"Ligusticum apiifolium, Flower heads turn into heads full of seeds",1c135d99bc6de869f5c7dc0d1692f903
1864,15658,"Ligusticum apiifolium, Divided leaves, similar to celery leaves.",047a2749c62ee9bd2b086645ec0eea3c
1865,15683,"Conium maculatum, Umbrella-like flowers show this is a member of the Carrot Family.  Flower clusters are flat-topped and form a lacy pattern.",c334f3dd02715f68a333b1a87254e9e8
1866,15684,"Conium maculatum, Look for red streaks on a thick hollow stem - ""the blood of Socrates"", who apparently drank a poisonous tea from this plant.",65c4c75add977f20aec63c91a211dc38
1867,15685,"Conium maculatum, Lacy fern-like leaves.",c8d78ee67f5961d48c319ced14fb3607
1868,15716,"Arctostaphylos sensitiva, Shatterberry often looks like a hedge, with a thick covering of shiny green leaves.",26ef79617bf7f6f090c257796d407674
1869,15717,"Arctostaphylos sensitiva, Hairs are long and widely spaced.  Stems and flower stalks are often bright red.",4a436cdcf2a48566040a051fbdfe913f
1870,15718,"Arctostaphylos sensitiva, Smallish leaves are waxy to the touch, dark green above and lighter below.",0b13d3a859b093065991cd63fc35e56f
1871,15725,"Arctostaphylos montana ssp. montana, Beautiful pink urn flowers have tiny reddish brown scales at the base of their stalks.",c9163a98a47184c95e747670c6b52efc
1872,15726,"Arctostaphylos montana ssp. montana, Fruit is red or orange, and hairless.",4f9cfbdeceda45f80fed10407baaf880
1873,15727,"Arctostaphylos montana ssp. montana, It typically grows very close to the ground.  Its many branches are thickly covered with small leaves.",8fff1718e2bd5d5ed8a391f5555d9bfa
1874,15728,"Arctostaphylos virgata, Fragrant flowers grow in dense clusters close to the stem. Leaves and fruit are very sticky.",5de0c909de0abef24479764cef04c8b5
1875,15729,"Arctostaphylos virgata, Berries are sticky and hairy.  They'll stick to your fingers like glue.",797f52182242ca1baad3625c7a31b63d
1876,15730,"Arctostaphylos virgata, Leaves are longer than most manzanitas.  Leaves point away from the stem, often upward.",789101499c83a06a6ff72490cd4e07e0
1877,15893,"Salvia clevelandii, Trumpet-like mint flowers form whorls around the stem.",0891d40c7ba903c00f26b87766c5c4e5
1878,15894,"Salvia clevelandii, Like most other mints, the stems are square and the leaves opposite .",48dbf7ee53ca7c19510795ce6eee68f8
1879,15895,"Salvia clevelandii, Flower spikes stick up from a densely leaved, rounded base.",67d5b6701c6d3cf82e31a5d76c63922e
1880,15923,"Lupinus albifrons, Bush Lupines have woody stems, whereas most lupines do not.  This one grows to 4 or 5 feet.",17558b153d394eb8c22afd2065d49bc5
1881,15924,"Lupinus albifrons, Purple and white pea flowers make whorls around the top of the stem.",d773053402065cb470d0e462db68711c
1882,15925,"Lupinus albifrons, Leaves are finger like ( palmate ) and hairy, creating a silver look, and its name.",3f748a61bde38350f5327d5d1b4474f6
1883,15940,"Cirsium occidentale var. occidentale, Flower base is spherical, hairy and spiny.",7c474c000f317e790adbe8cb9383e30c
1884,15941,"Cirsium occidentale var. occidentale, Base leaves large and flat on the ground.",2f18d41f61364744f08af9b4222aa341
1885,15942,"Cirsium occidentale var. occidentale, Plant looks like it's covered with cobwebs.",850067cc74038e98777495dec5fe67e2
1886,15943,"Cirsium occidentale var. venustum, Flower nestled in a thick base of wooly spines.",9e76926843a0dfb34ad15dc1f5dd0db1
1887,15944,"Cirsium occidentale var. venustum, Base leaves not on the ground, and narrower than Cobweb.",4ee4de4c53d46c09d4420501266c7817
1888,15945,"Cirsium occidentale var. venustum, Flower at the end of a fairly long stem.",adb2d1bbf6674b41ff09590b11bc1ce5
1889,15955,"Cirsium hydrophilum var. vaseyi, Only found on serpentine soil.",3ad7df7654aeae819d3465aebe57e0cf
1890,15956,"Cirsium hydrophilum var. vaseyi, Flower base spines are sticky.",c9c97eafcdce7d8b95a8fc515a34a777
1891,15957,"Cirsium hydrophilum var. vaseyi, Very long leaes with many spiny lobes.",5d6287a0aeb48b8a47b70ae43c056206
1892,15964,"Rhinotropis californica, Central petals form a narrow tube, surrounded by 2 wing-like sepals and 3 smaller ones.  They display a variety of lavender-pink shades.",2ab8b041bca15bd5c626f5e23434058a
1893,15965,"Rhinotropis californica, Leaves are alternate, oval and dark green, 1-2"" long.  Seedpods have a flat wing around their edges.",8c26842fafbe270ab9ac0d5214ab8c00
1894,15966,"Rhinotropis californica, Plants with many stems and leaves form a mound on the ground, with lavender-pink flowers on top.",86bf17817e66d9ca550dae402bdf7915
1895,15968,"Claytonia perfoliata ssp. perfoliata, Basal leaves have long stalks, and a pointed flat part at the end.",84b9482400f8123f87914e32f5e23687
1896,15997,"Vinca major, Five purple petals join to form a pentagon-shaped hollow in the center.",fa388b642928ea37bfb29e1c9675e862
1897,15998,"Vinca major, Flowers connect to stalks that join the stem at the same place as its opposite leaves.",e575051ae9c1cb0343919c6a9cc105bc
1898,15999,"Vinca major, Periwinkle forms a sprawling shrub or ground cover.",30edd0c1d7a91a71369d333f591dde9c
1899,16000,"Matricaria discoidea, Pineapple weed has small yellow pineapple-shaped flowers.",5cef904eb8a30c746c1e95b4e0975934
1900,16001,"Matricaria discoidea, Leaves are finely divided.",ba5d764a349e932b9d197a0c4538616e
1901,16002,"Matricaria discoidea, The flower head is made up of many tiny flowers with no petals.",1218066c74ca32291572e854a2490d0c
1902,16030,"Festuca arundinacea, This tall grass has a stout stem and a long, narrow inflorescence .",3d9b72bdab1fe8ec96db82004ef5554f
1903,16031,"Festuca arundinacea, Spikelets start out gathered tightly around a stem and branch out as they mature.  They're often tinged purple.",6def0cd4e5419e8302b80b4ceb3b9ac8
1904,16032,"Festuca arundinacea, Long leaves have prominent parallel veins.  Blade edges are rough and have some hairs.  Like all fescues , the leaf sheath is open and the collar is hairless.",a440da40ffc79a6f9692e0f63ce341b7
1905,16039,"Juncus patens, Branched flower clusters appear to come from the side of the stem.  Fruits are red or brown.",db9e96cdca52eff78959830a8aa5a416
1906,16040,"Juncus patens, Grey-green stems rise up  from leaf sheaths that start brown and become pale.  There are no leaf blades .",4b58493d8df40df6232c5344e19debc6
1907,16041,"Juncus patens, Found in marshes, creeks and seeps.",1563e6ce3b2516bbc878f5db64311ee7
1908,16051,"Carex densa, Separate male and female flowers form a dense head at the tip of a rough (scabrous) triangular stem.  Narrow bracts grow at the base of the inflorescence .",e31f9bed63a10be5e47e5329a788d525
1909,16052,"Carex densa, Flowers turn brown at maturity.  Leaves grow to 20"". The leaf sheath is often wrinkled.",d3fcb3f399aaaef4f9bf0911d6f158ff
1910,16053,"Carex densa, This low-growing sedge is found in wet meadows, springs and shores.  Floral stems are generally taller than the leaves.",039ce0f30c623f86935385b6d45ca990
1911,16054,"Trifolium dubium, Flower head made up of fewer than 20 flowers.",80a488bdf15dd3c408b6480b68a1ec72
1912,16055,"Trifolium dubium, Flowers are yellow, becoming brown and drooping with age, the same as Hop Clover.",2b68eb55f3ce336c08b8c625a97b1fed
1913,16056,"Trifolium dubium, This plant is maturing, with flowers falling apart and becoming brown.",4f650c5d12178b27634a3a8862b6dcf6
1914,16069,"Carex subbracteata, This medium-tall sedge has a very small inflorescence , about 1"" tall.  It often leans on adjacent plants.",ce2276ed33c31e12489e07183ccefee4
1915,16070,"Carex subbracteata, The inflorescence is wedge-shaped and includes separate male and female florets , each covered by a small bract.",aa8d5ef048d1a4d790b7f02519eb2157
1916,16071,"Carex subbracteata, Bracts turn brown or sometimes coppery, with a pale or green center.",115f6bcf2c0e51a67910cc6841b89979
1917,16252,"Sidalcea malviflora ssp. laciniata, Like other checkerblooms, petals show different-colored veins and have squared-off, slightly notched petals.",8ec0dd4dd49e9e9d851cd2b7205f4fd2
1918,16253,"Sidalcea malviflora ssp. laciniata, This subspecies has deep, irregular cuts in its leaves.  Lower leaves are about 2"" across.",ac5d5c83aef619502a311c7a12c9adf7
1919,16254,"Sidalcea malviflora ssp. laciniata, Pink-lavender petals are generally separate to their base. Upper leaves are dissected into linear segments.",36ebe672930637f583c992924087ee55
1920,16273,"Stachys rigida var. quercetorum, An upper lobe protects reproductive parts and a lower lobe provides a landing spot for pollinators.",4e21808462dc8b3a4213d8e7d0206295
1921,16274,"Stachys rigida var. quercetorum, Opposite leaves have rounded toothed edges, prominent veins and a wide base.",03ea48bc53ecd83c0b103295a2b86624
1922,16275,"Stachys rigida var. quercetorum, Flowers cluster in whorls along the stem.",347f63ebc3830c86ea8c7494f496fd7f
1923,16279,"Plectritis congesta ssp. brachystemon, Erect, slender stems have opposite leaves and end in a tight cluster of pink, violet or white flowers.",19d3d76da6ba8115865a2452371aeccd
1924,16280,"Plectritis congesta ssp. brachystemon, Each flower is tiny.  A tubular base opens up into 5 lobes of different sizes.",633510c70325931ba6755719ca478cf6
1925,16281,"Plectritis congesta ssp. brachystemon, Lower leaves are spoon-shaped with smooth margins.",5f839ec08d2ac3b776b3d8c7fb28a157
1926,16297,"Nemophila heterophylla, This plant, under 5"" tall, shows a small, beautiful white flower over opposite , lobed leaves.",91aaa41b6ac42bf6bfc6d7d43192f7d4
1927,16298,"Nemophila heterophylla, The tiny flower, less than 1/2"", shows dark anthers inside a white cup.  It sits in a green, hairy calyx .",52024591fe0ab169ce49af84681c3042
1928,16299,"Nemophila heterophylla, Lower leaves are opposite and deeply lobed .  Upper leaves are not always opposite and are smaller and less divided.",f887d47972757349cd31dd1546b52547
1929,16303,"Plectritis macrocera, Flowers tightly grouped, each a short trumpet with 5 petals.",9660d75595afb5d92ce38921b3484092
1930,16304,"Plectritis macrocera, Flowers have a short spur at their base,  They grow along the stem and at the top.",d85e703883822c16b2131a494849fe45
1931,16305,"Plectritis macrocera, Opposite leaves, up to 2 inches long.  Grows erect to 2 or 3 feet.",fc8a2066ce4044591a4e0bc3f847470c
1932,16306,"Triphysaria versicolor ssp. faucibarbata, Flowers are white or yellow, growing in a dense spike at the top of stems that grow to about 2 feet.",4757d854307a2fc1773f2e5e22ca07c9
1933,16307,"Triphysaria versicolor ssp. faucibarbata, Leaves are about 3 inches long, divided into a few narrow, pointed lobes.",ef0c9dcb4fc98524633c693ddcc4dff7
1934,16308,"Triphysaria versicolor ssp. faucibarbata, Covers moist grassy hillsides in the spring.",df3293e2d993f5992938a8b29bbee851
1935,16501,"Boykinia occidentalis, A loose cluster of tiny white star-like flowers inspires its common name, Brook Foam.",0c16fa3dd5435a5658785b84d139563f
1936,16502,"Boykinia occidentalis, At the base, large, roundish, irregularly toothed leaves (up to 4"") grow on hairy stalks.",6353c794b819d1f7546bab60c694a3f0
1937,16503,"Boykinia occidentalis, The cup-shaped base of each flower can be white or pale red.",2adee23111b30aa890f189caf821d387
1938,16672,"Notholithocarpus densiflorus, Look for a leathery leaf with many strong veins, each leading to a point on the edge of the leaf.  Edges  are often curled under.",351048722fd5ee0ef6e15c1ec217e18f
1939,16673,"Notholithocarpus densiflorus, The underside of the leaf is often fuzzy, a good quick ID characteristic.",f8c3c21dc4ee4ff514b101c0d5a696e7
1940,16674,"Notholithocarpus densiflorus, Acorn tops are woody, covered with slender scales that point outwards and recurve.",7a20da3dfd2aa121cdb9ecb006b47a27
1941,16726,"Clematis vitalba, This vigorous vine drapes over plants.  Its showy seeds make it easy to spot.",f8aa44d01487558d81a7c255cf633876
1942,16727,"Clematis vitalba, Heart shaped leaves, roughly serrated.",a43e14e9e927b0d59133ac5ec84c6da7
1943,16728,"Clematis vitalba, Grooved stem.  Opposite leaves.",b8117b1ea60e75ea4b3fa1718226a565
1944,16756,"Rhododendron occidentale, Fragrant flowers about 2 inches across, often with yellow on the inside.",4a1697b9280508628c9fd9d707b9eac1
1945,16757,"Rhododendron occidentale, Leaves about an inch wide and 4 inches long.",dc90090b7a0ede04c76665155fd50d63
1946,16758,"Rhododendron occidentale, Shrub, grows to 16 feet tall.",777789d8bfc8ba8a23bb6f540512185d
1947,16759,"Euonymus occidentalis, Bright red 3-part fruits are conspicuous in the late summer.",d9c448956b257c6abe3f4c78077d48ac
1948,16760,"Euonymus occidentalis, Leaves are narrow and pointed, and are arranged in opposite pairs",6af33b5c79b235dde283287f99a37c6d
1949,16761,"Euonymus occidentalis, Small brown or pink flowers are about 1/4"" across and have nectar in the center.",1baf3cb698e9a744c0c32d37d36d7f90
1950,16915,"Polystichum munitum, Notice the little sword hilts pointing down at the base of each leaflet. Fronds are thick, dark green and evergreen .",d821c6b9462aaa3f1635227cacd0d35c
1951,16916,"Polystichum munitum, Under the fronds are round sori , full of spores, lined adjacent to the center line.",b3e8c87f75c2f690f5b69ff34af8c7cb
1952,16917,"Polystichum munitum, Sword Fern is common in acidic soil under redwoods and other damp shady places.  Its base is round and its fronds arch upward.",2244390f6fc67f4acbe99d200b74ccfc
1953,17014,"Ceanothus decornutus, Flowers have 5 petals, rather than 6, as with Jepsonii.",06e3de9890ad6c2f7909ad22db1dbd94
1954,17015,"Ceanothus decornutus, While leaves are similar to C. jepsonii, flowers are paler.",9b4e7fc5a9598e8d8d5e3d1dc8df443f
1955,17016,"Ceanothus decornutus, Found on exposed serpentinite outcrops on Nicasio Ridge.",c01e4c3c5c07a4717e02b6c763af7357
1956,17044,"Blennosperma nanum var. nanum, Many yellow petals.  Note ring of white stigmas.  Buds are covered with green bracts.",91c9ad1cd439603337d80dc46b83206e
1957,17045,"Blennosperma nanum var. nanum, Yellow petals are separate from each other, with green bracts below each one.",c1a9c55569d319aa4f8e47af21059d9d
1958,17046,"Blennosperma nanum var. nanum, Leaves are thin but fleshy.",cd65d9cf5efcc1370562f2342b8296de
1959,17086,"Eriophyllum lanatum var. arachnoideum, Yellow center and many yellow petals (ray flowers).  Grows to 2 feet high.",564a2f0f048a09001475240b8c0acf6e
1960,17087,"Eriophyllum lanatum var. arachnoideum, Several flowers grow out of a base of woolly leaves.  Leaves have thin finger-like lobes .",9e8ebdbc4c25fcb4e2b3c06ae8c678fb
1961,17088,"Eriophyllum lanatum var. arachnoideum, Phyllaries are also woolly, and are pointed.",2054cf812bc7f5778fbc198b1fd3470d
1962,17092,"Hemizonia congesta ssp. lutescens, The flowerhead center is flat, showing a circle of tiny disc flowers . Outer ray flowers have 3 lobes at the tip.",b3470e788104effc7fe4ce33aca148a0
1963,17093,"Hemizonia congesta ssp. lutescens, Yellow ray flowers lay flat, in plane.  They're a favorite of native bees.  Green phyllaries below the flowerhead form a single row.",6500be264cc4f6ad0de259299a56a040
1964,17094,"Hemizonia congesta ssp. lutescens, In the summer and fall, Tarweed fills fields with color and its distinctive tarry smell.",3a599823796930aec39b204cf8fe5acf
1965,17098,"Calystegia subacaulis ssp. subacaulis, Flowers grow on 1 inch stalks, above a rosette of basal leaves .",2bada8207b02cbde9efb652c1bea9d09
1966,17099,"Calystegia subacaulis ssp. subacaulis, Morning Glory flowers open in the morning and wither by the end of the day.",5902fbabf0c7b5954f2ad4adab3df5d9
1967,17100,"Calystegia subacaulis ssp. subacaulis, Leaves grow on 1"" stalks.  They're shaped like an arrow head, with a wide base and pointed tip.",916c5f853713aa023c7989afd9adb007
1968,17113,"Eriogonum nudum var. nudum, Stems have no leaves (thus nudum ).  Stems are topped with rounded clusters of pale flowers.",ad5fec4295d8f1355a004ec650d21834
1969,17114,"Eriogonum nudum var. nudum, Clusters of tiny flowers have long stamens sticking out.  Flowers show white, pale pink or yellow.",84a0b9439d3332de560ee1475335143c
1970,17115,"Eriogonum nudum var. nudum, Leaves are on long stalks at the base of the plant.  They're grey-green above; white-hairy underneath.  They have a prominent central vein.",11f9d3d73e5cdd3b9d7c2d2489d40ac0
1971,17527,"Trifolium gracilentum, Base of petals dark pink-purple, fading to white-pink at the end.  Note there are no bracts below the flower.",6228b3eef2cb4a0d229d251454cf79b5
1972,17528,"Trifolium gracilentum, Leaves have small serrations.",462a331fcbf5fe6d3716fc93726115b0
1973,17529,"Trifolium gracilentum, Flowers and leaves are small, (thus pin-point) even though the plant stands erect.",17aa33eed92aefd1447619d54e12b6c5
1974,17533,"Pseudognaphalium ramosissimum, Pink or white papery phyllaries surround white or yellow flower centers.",f122233422f2ae984e605ed995895277
1975,17534,"Pseudognaphalium ramosissimum, Flower branch near the top of the stem.",9c3e3178e91dad1f579b91b4254e03d4
1976,17535,"Pseudognaphalium ramosissimum, Grows to 4 feet tall, in bunches.",8a03c736c7cd1857a65512ae54d08f1b
1977,17551,"Polypodium calirhiza, Fronds have broad oval segments coming to a dull point.  Segments get shorter close to the base.",6f76165b9dced0eb8657094834e2ddc6
1978,17552,"Polypodium calirhiza, A small fern, 4 to 10 inches long.",7043a502435309fbb9dcc098107c0b56
1979,17553,"Polypodium calirhiza, Groups together on rocky banks.",536b920d1904226db7fa9ae6ad19007e
1980,17565,"Castilleja exserta ssp. exserta, Each flower is tubular, ending in  3 white and purple sacs below and a narrow beak on top, creating an owl's face.",72e805a8a27c4d7b5bce0591c0b86289
1981,17566,"Castilleja exserta ssp. exserta, Leaves are narrow and hairy. Bracts around the flowers are narrow and hairy, with lavender tips.",05ed76c3420eb453ae4ce468e67321e5
1982,17567,"Castilleja exserta ssp. exserta, Purple Owl's Clover is found on grassy hillsides, especially in serpentine soils.",f15914940d9ce03d7be5320918f58380
1983,17571,"Centaurea calcitrapa, Look for a purple-pink thistle flower with radial needles pointing straight out below it.",029417a1df0829d24181de181145cc98
1984,17572,"Centaurea calcitrapa, Stems are grooved.  This plant grows as a dense shrub.",d42e1e35fd96b10271a8b4dc669bcb54
1985,17573,"Centaurea calcitrapa, Radial basal leaves have deeply indented lobes .",35e0d290faf07505dd6141befefa0356
1986,17595,"Ceanothus cuneatus var. ramulosus, Flowers have 5 petals with yellow-topped stamens sticking out.",ac14c06a2e46e78eed80c85ea7beaf07
1987,17596,"Ceanothus cuneatus var. ramulosus, Leaves are thick, fairly short, and round edged.",4aa351981761a8f7aba9b19c4d274ba7
1988,17597,"Ceanothus cuneatus var. ramulosus, Prodigious blooms created by thousands of flowers on a single bush.",f8a5205c290e3112f4a18f018409c8d3
1989,17673,"Ceanothus foliosus var. foliosus, Indigo Brush produces large numbers of small flowers and leaves.",f7618493942b6c3ee0901aae6e9d31a3
1990,17674,"Ceanothus foliosus var. foliosus, Tiny flowers gather in small clumps, with white and yellow accents.",1e0827b827f4f146185cd332f8102ff5
1991,17675,"Ceanothus foliosus var. foliosus, Tiny leaves are thick and have distinctive glandular bumps.",4b6d887e3424bc2a95e9c9b4351266db
1992,17715,"Notholithocarpus densiflorus var. densiflorus, Leaf has strong veins, each leading to a point on the edge of the leaf.",351048722fd5ee0ef6e15c1ec217e18f
1993,17716,"Notholithocarpus densiflorus var. densiflorus, Underside of leaf is often fuzzy.",f8c3c21dc4ee4ff514b101c0d5a696e7
1994,17717,"Notholithocarpus densiflorus var. densiflorus, Acorns tops look like wild hair.",080eda58b01cddcbbfd710e6b6771157
1995,17721,"Calystegia purpurata ssp. purpurata, Petals fuse to each other in an open funnel shape.  They're white to pink, with darker lines near the folds.",f6564ea7f24ad125d6b3d7e71e4765f5
1996,17722,"Calystegia purpurata ssp. purpurata, Leaves are thin and heart-shaped, ending in a point.  Margins are smooth.",aa049a254eda2b1161f330e95bad894e
1997,17723,"Calystegia purpurata ssp. purpurata, Vine Morning Glory runs along the ground and climbs up other plants. This species is not hairy.",bf803efda8b5d836452c57a304f498e1
1998,18006,"Triteleia peduncularis, 6 white petal-like tepals surround a yellow style and white-tipped stamens (the ones in the picture are old).",e0c7b03ea04d3914391d279ed6632884
1999,18007,"Triteleia peduncularis, Flowers form an umbel at the top of a branchless stalk (a scape) that rises from the ground.",1319c85ae209981dbd57f97fbcbe2db8
2000,18008,"Triteleia peduncularis, Leaves are quite long (4-12"") and narrow (1/4"").  The back of the tepals often have a violet flush.",6f2b21237e2addb5034faec8bc4b28dc
2001,18009,"Hesperolinon congestum, Pink buds open to nearly white flowers, about 1/2"" across.  Pink-tipped stamens stand out from the petals. Sepals are hairy.",3d3196069e66a55a29b1d6c411170145
2002,18010,"Hesperolinon congestum, Flat-topped flower clusters appear at the tips of many branches.",d0c50fbcecdd14df598075564da27d09
2003,18011,"Hesperolinon congestum, Leaves are alternate , linear and not hairy.  They have glandular stipules that exude a protective red resin.",0c6b22e69431614f7dce7b3865f16aef
2004,18012,"Toxicoscordion fontanum, Marsh Zigadene has many flowers, generally smaller than 1/2"" across.",f66fa8c87aeeb0e3f37a71c07d48ca91
2005,18013,"Toxicoscordion fontanum, It also has many narrow basal leaves.",e94f43b3bfcfeb73678feee123282a3c
2006,18014,"Toxicoscordion fontanum, Fruits are capsules.  When dry, they open along their length to release many seeds.",36424d6bde951d92bc003ef81b10e68e
2007,18021,"Calochortus umbellatus, This pale lilac-pink flower is about 1-1/2"" across, with purple spots at the center. Anthers can be light blue or pink.",ae97982cd64274fea083fc7a094a1732
2008,18022,"Calochortus umbellatus, A single basal leaf and smaller stem leaves photosynthesize  sugars needed to create one or more showy flowers, each on its own stalk.",78a6896082f8b2091d01881faed6310b
2009,18023,"Calochortus umbellatus, Seed capsules hang down from the withering plant.  When mature, they'll drop to the ground and germinate when exposed to cold, moist conditions.",fe6ab67b6e27651188cf2ed6118fb984
2010,18024,"Allium lacunosum var. lacunosum, Flowers have 6 petal-like tepals with stamens growing directly out of them.  Dark veins point toward nectaries , attracting pollinators.",0dd868e1d3e72844a28d0c5fe9d1bef4
2011,18025,"Allium lacunosum var. lacunosum, Flower stalks form a dense umbel , with 2 bracts at the base of the umbel.",56a42f3637e196b26c963c2443ded403
2012,18026,"Allium lacunosum var. lacunosum, Stems are thick and wavy, up to 1 foot tall.  Leaves are long, thin and hollow, and have an onion smell.",7928018bba4fbff638793240145eb5a8
2013,18033,"Calandrinia menziesii, This flower has 5 dark pink petals, yellow-tipped stamens , and is less than 1"" wide.  Leaves are thick and edible.",1d6d9603f196cc2c4fbcccf797f268e3
2014,18034,"Calandrinia menziesii, Leaves are alternate , thick, fairly long, and wider towards the tip.",a4ba0bd65f7ffa82a8644151d96da805
2015,18035,"Calandrinia menziesii, Red Maids needs wet conditions to germinate and start growing, but does well in full sun and gravelly soil after that.",0f8658d51f4111452aff96c1803aaa06
2016,18069,"Eriogonum luteolum var. caninum, Pink flowers are tiny, with 6 segments and long stamens .",b705216feabcfb13360be0ec175dd945
2017,18070,"Eriogonum luteolum var. caninum, Stems branch frequently, with spherical flower clusters at each tip.",d3e1c5cc30fb7b655decb98eeec36d70
2018,18071,"Eriogonum luteolum var. caninum, Leaves are mostly basal , roundish and on stalks.  They're densely hairy underneath and generally nearly hairless above.",d3faad16cf869b035cba572aba2d61f1
2019,18228,"Calochortus tiburonensis, Petals often face the sky, revealing distinctive maroon markings.  Their pale color tends to blend in with tall grasses around them.",4f4683076254272bc7fa643c1bcbfb85
2020,18229,"Calochortus tiburonensis, Petals are hairy.  6 red-brown anthers surround a 3- lobed style .",38294a7874be44735d9eb9c4de477335
2021,18230,"Calochortus tiburonensis, This showy lily grows natively only on Ring Mountain.",dcd860ab2101e785a8c36caa3a000752
2022,18234,"Delphinium hesperium ssp. hesperium, 5 petal-like sepals surround a smaller corolla made up of 4 petals and a long spur.  The flower is hairy on the inside.",c94767a791a17e9c4167cae3b0162eba
2023,18235,"Delphinium hesperium ssp. hesperium, Flowers form a spike at the top of a single stem.  New flowers emerge at the top while older flowers mature below.",ebd6873d5a20c7ad62d5ed5fcdcf1f8b
2024,18236,"Delphinium hesperium ssp. hesperium, Leaves are deeply divided.",82b617efe29afeb1d8eb894605aaf1cf
2025,18240,"Lomatium dasycarpum ssp. dasycarpum, Clusters of yellowish-green flowers grow on thick stalks.  The flower clusters grow in an umbrella pattern (an umbel ).",59e92f0d1e92a1bee8b13d66a86ef7c5
2026,18241,"Lomatium dasycarpum ssp. dasycarpum, Leaves are finely dissected.",63752997b9b70d333c3861025ca0d7dc
2027,18242,"Lomatium dasycarpum ssp. dasycarpum, Flowers turn into clusters of flat, round seeds.",468113b773fcec139a6ca21e37bf3cd5
2028,18243,"Perideridia kelloggii, Rounded clusters of small flowers sit on stalks that join at a point, like an umbrella.",41ce1b8753d7927524c422ceac3ef0b3
2029,18244,"Perideridia kelloggii, Leaflets near the base of the plant are long and narrow and often forked.  Flowers and fruits are tiny and beautiful.",8fc5fd5e7c87a73551c6a15d993e4660
2030,18245,"Perideridia kelloggii, Yampah grows in grasslands, often in serpentine soils.",37e542530d11120c4254c76d6b986424
2031,18300,"Poa bulbosa ssp. vivipara, Bulbous Blue Grass has an odd-looking inflorescence composed mostly of small, brown, sprouting bulblets.",eeb446a81d5759e0e4faddb620228fed
2032,18301,"Poa bulbosa ssp. vivipara, This grass is easy to spot once you know what you're looking for: brown blobs where you'd expect to see grass florets .",02c7afa108fd9eef1ca211652c4ba572
2033,18302,"Poa bulbosa ssp. vivipara, Unlike other grasses, the stem grows from a small bulb.",59465a6d1ddbf42f8b6fae6650eb5642
2034,18492,"Koeleria macrantha, Developing spikelets look like a spike until they open up at maturity.  This grass is excellent food for wildlife and livestock.",9fe036f7f64fcd110151abdffd82fc59
2035,18493,"Koeleria macrantha, At maturity, alternating branches hold several spikelets each.",45458b17bf78df492f9863283d16f4c0
2036,18494,"Koeleria macrantha, Narrow ascending leaves are mostly basal , with a few leaves at mid-stem.  They become inrolled when they dry.",f4173d68256558e2769863fdd4636489
2037,18510,"Streptanthus glandulosus ssp. pulchellus, Flower base puffy and hairy, with four little petals at the end.",0875ec07696e7022b54d47a1fb3cf2a4
2038,18511,"Streptanthus glandulosus ssp. pulchellus, Flowers at the top of the stem.",966abe3b69a482eb2989312549f86e36
2039,18512,"Streptanthus glandulosus ssp. pulchellus, Fruit is narrow, stands out from the stem, and is hairy.",3d5919599091926b7db8bba711e680e6
2040,18540,"Delphinium nudicaule, Trumpet-like larkspur flowers can be red or orange.",587fa9bfac27df2add7924e7f2caad5f
2041,18541,"Delphinium nudicaule, Flower stalks ( pedicels )for each flower.  Leaves have deep cuts.",5a4580be98fd567152f6d6987516f8b9
2042,18542,"Delphinium nudicaule, Flowers on very thin stems.",899b6cd2e811cf5c1cdc750c37f26217
2043,19359,"Carduus pycnocephalus ssp. pycnocephalus, Spines are prominent along the stem and leaves. Each seed has a pappus parachute.",14bf331650b8ce5fa49ce6df1854bd82
2044,19423,"Raphanus sativus, Radish flowers have 4 paddle-like  petals with a bright yellow center.",73fd9114a53551f3b83355f23624fab7
2045,19424,"Raphanus sativus, Leaves are pinnate , divided with the largest lobe at the end.",34c0aa98b4bf8954d595be9a121da21a
2046,19425,"Raphanus sativus, These distinctive flowers are widespread in moist, disturbed soil.",bd0b01ac3c841f58a44f38ba9a3accad
2047,19426,"Luzula comosa, Wood Rush is easy to spot, standing erect with wide, grass-like leaves and green/brown flower clusters.",74ddef5317242d1403a8719798bc4cd8
2048,19427,"Luzula comosa, Flowers are in tight bunches, each with 6 tepals , surrounded with fibrous bracts .",b0217b575ac86f2eafc7e5c29135c2fc
2049,19428,"Luzula comosa, Leaves in the Luzula genus are wide and have long, soft, wavy hairs.",3f7956c412735c502b686f747d18511f
2050,19429,"Stachys rigida, This Mint family flower has a small hood covering reproductive organs and a large lip hanging below.",61632ca45b2618c2a2d5d58f549002b9
2051,19430,"Stachys rigida, Up to six flowers grow in a whorl at leaf axils on the upper stem.  Leaves are opposite, crinkly, and have scalloped edges.  They can grow to 5 inches long.",b4b619bda81ef031a0df6af3cddbf079
2052,19431,"Stachys rigida, Hedge Nettle grows in tight communities of upright plants.",b01e9a7b3e33ebf4e5c0b3b1a9be299b
2053,19480,"Hordeum brachyantherum, Arching inflorescences flatten and turn purple at maturity, with spikelets opening up but still connected directly to the stem.",6f2b8c5f8122848d4411ea25a9cfdba5
2054,19481,"Hordeum brachyantherum, Young spikelets form a dense cylinder.  They connect in groups of 3.",497a01aaff043c9a817a7d35e9a6ea30
2055,19482,"Hordeum brachyantherum, Meadow Barley Grass is widespread in pastures, meadows and stream banks.",13b5d7017fd1c5ce940830b40eb65c14
2056,19510,"Vicia villosa ssp. varia, The first thing you'll notice about this vetch is the large, dense cluster pea flowers.  Colors vary from purples to pinks to whites.",84e43bf265fca8505b7caaf816a799f8
2057,19511,"Vicia villosa ssp. varia, Each pea flower has a calyx cap at the top, with narrow sepal fingers sticking out.",ca9d3d21a8290d26174b3f2ce2e1fdd9
2058,19512,"Vicia villosa ssp. varia, Smooth Vetch grows rapidly and climbs over other plants to reach the sun and pollinators.",23da786700de0c76c59799db0c4d013e
2059,19516,"Foeniculum vulgare, Carrot-top umbrella-shaped flowers.",13b16bfbe16f4657d5fc06e4859b8ca7
2060,19517,"Foeniculum vulgare, Finely divided leaves",ea4c926a1309ddd185f50d5b305bf9cf
2061,19518,"Foeniculum vulgare, Often found beside pathways and roads.",3fa3031e0e9aa24ae8ebd43ef20ba3ff
2062,19525,"Erodium moschatum, Flowers are less than 1"" across, with a typical geranium lavender color.",d5b42c4ab78f47a43dbb00bc38c00ad6
2063,19526,"Erodium moschatum, Plants start with a rosette of white-stemmed leaves with bigger leaflets than Red-Stemmed Filaree.",e6d96f5ed2461e55f9ca296fefaa601e
2064,19527,"Erodium moschatum, Fruits have a beak over 1"", which twists into a spiral when wet, helping it drill into the ground.",28070594a874b7e8cc8defc503882bfd
2065,20248,"Oxalis pes-caprae, 5 bright-yellow petals overlap, showing a green center.",3a05ccd4497e902cb4da327c227c70f3
2066,20249,"Oxalis pes-caprae, 3 heart-shaped leaflets are thin and taste acidic if you eat them.",a4fd2a2d5fb749f36ca3a40de29be42f
2067,20250,"Oxalis pes-caprae, In early spring, Sourgrass and mustard make large patches of yellow in fields.",cc787d0e3716882dc443788ae84b997f
2068,20419,"Layia chrysanthemoides, Individual flowers at the top of stems.  White tips are often indented.",be6519dd19944e2bd940059cf6b99325
2069,20420,"Layia chrysanthemoides, 5 - 18 yellow petals, often with white tips.",cda6874b364fa52fee2da05bd83c0949
2070,20421,"Layia chrysanthemoides, Common in grassy meadows at low elevations, although it can be found up to 6,500 feet.",b67a8c82ce24000da51e13adf01bc0ec
2071,20521,"Lupinus albifrons var. douglasii, The erect stem and leaves are covered in silvery hairs.  Pea flowers mature from the bottom up.",c77804e40d446ad4eb2033956a7eb1ff
2072,20522,"Lupinus albifrons var. douglasii, A column of pea flowers can grow to 12"" long.  Yellow or white banner spots age to purple.",6be1f657b6473968478057c289c28a5d
2073,20523,"Lupinus albifrons var. douglasii, This coastal shrub is found inland of coastal dunes in the Bay Area south to the Channel Islands.",1f9b2b78aa3061d38609356404a6602c
2074,20542,"Hypericum concinnum, 5 yellow petals that fold back.  Many long stamens .",0c62bec67d1e6c9c149e2ec9bb39b4d8
2075,20543,"Hypericum concinnum, Opposite leaves grow regularly up the stem.",7682c13de923b634e4071cbabd363f8d
2076,20544,"Hypericum concinnum, Clusters of plants grow to a few feet tall.",802cdecbca7d59d302f78fd77cadfbcc
2077,20722,"Calystegia occidentalis ssp. occidentalis, This  morning glory flower is about 1.5 inches wide, showing rib marks where the petals fuse.  It turns purple with age.",89186e792afd01a8bdd3c753ea04a048
2078,20723,"Calystegia occidentalis ssp. occidentalis, Leaves are alternate, and under 2 inches long, shaped like thin arrow heads.",4968bb0923096542272e2450634e0b95
2079,20724,"Calystegia occidentalis ssp. occidentalis, This vine can grow along the ground or climb whatever's around.",f33c54fc40898fe5d8aed0c279eea4ed
2080,20749,"Lupinus albifrons var. albifrons, Flowers are arranged in an open column. They have a pale banner spot that turns purple with age.",622c75a22bbd113c73f4ea4d4fe7facc
2081,20750,"Lupinus albifrons var. albifrons, Leaves are palmate (finger-like).  They're covered in dense, silvery hair.",298e474a3cb97171eb91069175b19e33
2082,20751,"Lupinus albifrons var. albifrons, Flower spikes can be up to 12 inches tall.  Notice the woody branches.",17558b153d394eb8c22afd2065d49bc5
2083,20971,"Piperia transversa, This orchid flower has a spur that holds pollen.  Night moths uncoil their tongues to reach it,  rubbing against the plant's reproductive parts.",95cf127cea70ee01d9a3810a1e03bfbb
2084,20972,"Piperia transversa, The spur is distinctive - flat and horizontal.  Petals and sepals have green veins.",3c5e04ecdf04021a3e04250530ba1f20
2085,20973,"Piperia transversa, A single stem grows 6 to 20"" tall. 2 to 5 basal leaves have parallel veins.",4e530daf0d3143658055abe2b093d6e9
2086,20985,"Phacelia hastata var. compacta, Flower coils like a fuzzy caterpillar.",9fd4b4d9ad3daf8a96fd29e6031e5a01
2087,20986,"Phacelia hastata var. compacta, Individual flowers have 5 white petals with many long stamens.",f73b3dbf6a540c9c54be61a556bb52c3
2088,20987,"Phacelia hastata var. compacta, Found in dry rocky areas.",5f94a298f15190bc0f46ecb80718ab7c
2089,20990,"Senecio integerrimus, Tall stem.  Flowers bunched at the top.",07dc025aae9c136ca0264ec32841b5c4
2090,20991,"Senecio integerrimus, Lower leaves larger, occasional up the stem.",0be24006c80ed2e1b0f736b8f46d4452
2091,20992,"Senecio integerrimus, Fuzzy leaves bumpy near the base and smoother near the end.",cabf9fd7f4048887e063de3296c83f00
2092,21614,"Astragalus oophorus var. oophorus, Small, oval leaflets line compound leaves .  They connect alternately to rather thick, decumbent branches.",d5765ae5cbdd88e4641682bdf20512fe
2093,21615,"Astragalus oophorus var. oophorus, Pea flowers have purple recurved banners and white keels that turn ivory with age.",597d554ab2806492787af89dc8873567
2094,21616,"Astragalus oophorus var. oophorus, Brilliantly colored pea pods are puffed up like a bladder.  Tiny peas line their inner ridges.",cdcd1cd2eb247a6834ad33fe5efe7570
2095,21689,"Psathyrotes annua, In the aster family, many tiny flowers are surrounded by a set of pale hairy phyllaries .",b2834fbab48ad95ec89bc3b703cf1a29
2096,21690,"Psathyrotes annua, Flower are sometimes reddish purple.",e5663f6b3947040a6322bac1f848c5ae
2097,21691,"Psathyrotes annua, Leaves create a low mounded cushion. They're quite hairy, which gives the plant a pale appearance.",513a944fe3a00bb94f927c1e89c6f751
2098,21728,"Eriogonum ampullaceum, Flowers are white with red parts.  They cluster closely together next to the stem.",b7994c09dfb6b3021d5b2e161f2de068
2099,21729,"Eriogonum ampullaceum, Leaves are basal, rounded, and wooly, up to 1 inch wide.",4ec2200ab6504e2bf391b7ae0126d787
2100,21730,"Eriogonum ampullaceum, Grows to about 2 feet tall.  Stem is not hairy.",71327f0e82ac52304775d18d920d50f8
2101,21731,"Eleocharis montevidensis, 30 to 100 dark scales form a dense spike of bisexual spikelets less than 1/2"" long at the top of the stem.  A green bract extends beyond the spikelet cluster.",daeedc745d66993820364f28775839ca
2102,21732,"Eleocharis montevidensis, Hidden behind the scales are bisexual flowers.  The base of the female style has a bump on it called a tubercle .",b4eac28829d87dc16c3d1a1af98b4c61
2103,21733,"Eleocharis montevidensis, This spike rush is a sedge , not a rush . Leaves are dark sheaths only - there are no leaf blades .  Unlike most sedges, stems of this species are oval, not triangular.",d63ff28ece31610dab1ae3d51f272738
2104,21789,"Lomatium macrocarpum, Balls of flowers spread out above a bed of leaves on this low-growing plant.",856ad77c74287432243c3bf43b000372
2105,21790,"Lomatium macrocarpum, Compound leaves are grey, hairy, and can grow to 6 inches long.  They're divided into many segments.",653b86d7ef4fc7f0509be72e83fef8a1
2106,21791,"Lomatium macrocarpum, Leaves and flowers are on long, densely-hairy stalks.  The flat fruit looks a bit like a sunflower seed.",705949f8038da79387c1a5dee479a514
2107,21804,"Arnica discoidea, Toothed leaves have a wide base and a pointed tip. Yellow composite flowers with no ""petals"" ( ray flowers ).",86715810cf2e248a58167ac3228438ae
2108,21805,"Arnica discoidea, Disk flowers cluster in a head above white pappus and green phyllaries .",4496cf11eab736146e278597f90e873f
2109,21806,"Arnica discoidea, This hairy plant grows to about 2 feet tall.",df590f562ac3a38831e05d67e0a91d77
2110,21910,"Brodiaea coronaria, Bright purple tepals (petals) have a darker central vein.  In the center, 3 fertile stamens alternate with 3 infertile stamens that look like small white petals.",68e2d593c7d90e9f0402955760798a3f
2111,21912,"Brodiaea coronaria, Flowers grow on stalks that are longer than the flower is tall.",96e604423eafccf3ebafb6cb21a85c66
2112,21940,"Phoradendron leucarpum ssp. tomentosum, Mistletoe grows primarily in oak trees, forming roughly 3 foot clusters of different colored leaves.",04b79171f693e7a5aaaa5d2399530466
2113,21941,"Phoradendron leucarpum ssp. tomentosum, Leaves are thick and opposite .  Small berries are pinkish-white.",645e4e5d6a95acd8bb7411ecd8f51c7f
2114,21942,"Phoradendron leucarpum ssp. tomentosum, Flowers, and later berries, grow on spikes starting a leaf joints.",149343d8ddb65df08391b03f816539e9
2115,22018,"Ceanothus incanus, Many flowers cluster in an aromatic plume, attracting a wide array of bees, crawling insects, hummingbirds and butterflies.",ca12173c4f36b38ced770d2add9c010b
2116,22019,"Ceanothus incanus, Wide leaves are green on top and paler underneath, with short hairs lying flat along the leaf bottom.",89f856ef0d78859a454c23f833158a54
2117,22020,"Ceanothus incanus, Coast Whitethorn is an erect, open shrub with arching, rigid branches and whitish bark.  Twigs sometimes end in thorns.",0c94d4a2d41cf22d06bf3a8e064fe0fe
2118,22282,"Stachys bullata, Opposite fuzzy leaves",ee6da01d261492fd65c462dac67dee84
2119,22283,"Stachys bullata, Square stem with flowers in whorls",6c42728cd46f60b3116b23637777bf97
2120,22284,"Stachys bullata, Flowers at the top of stems.",89031e3d018d976f98da78904cefba53
2121,22306,"Clinopodium douglasii, Good smelling leaves on this low-growing herb are thick, have toothed edges and are opposite each other along the length of the stem.",63c2f0034bd1fa3bfc8002229fe84ac0
2122,22307,"Clinopodium douglasii, Small pale lavendar mint flowers grow on stalks from the leaf axils of the opposite leaves, making opposite flowers.",45b93c282bb244c1fdf959f9a67f61d7
2123,22308,"Clinopodium douglasii, Many square-stemmed Yerba Buena plants trail along the ground, combining to form an aromatic ground cover.",2787433c9f829395606fcf59e0bb5cf1
2124,22411,"Polystichum dudleyi, Dudley's Sword Fern (pale green here) has divided segments .  Western Sword Fern (dark green) does not.",ee42225a1385c2493c5dfeaa42a24cfb
2125,22412,"Polystichum dudleyi, Like Sword Fern, each segment has a ""thumb"" at its base.  The brown circles are sori , filled with spores for reproduction.",c2ffbb787be010b04a1df65aece02038
2126,22413,"Polystichum dudleyi, This handsome fern does well in moist, acidic, redwood forests.",f51448e0b566293b9aedd73de1351a37
2127,22489,"Arctostaphylos pajaroensis, Clusters of small, pink, urn-shaped flowers hang down from branch tips.",8771f8a9d380155cc7abf6b7a54365f7
2128,22490,"Arctostaphylos pajaroensis, Young leaves are red, turning green as they grow thicker.",464bbb377a3b4a976640b8692c3ba6b9
2129,22497,"Navarretia squarrosa, Small  trumpet flowers have five 1/10"" lobes that open up at the top. Stamens and pistil stay inside the trumpet.",2814bfc77b093b25612d5ffc75029fe6
2130,22498,"Navarretia squarrosa, Flowers cluster in a 1"" ball, surrounded by spikey bracts .",c0c590830eec36e1041723238782caa1
2131,22499,"Navarretia squarrosa, Stem is erect, 1 - 2 feet tall. Alternate leaves are feathery.  Smell this plant if you dare!",10d6a4718728e27bc717ca9b92e8fbc0
2132,22593,"Agoseris apargioides, Outer petals often have a purple tinge on the bottom.  Flower base is rounded.  Green [[phyllaries[[ are short and round-tipped.",bd8354b769208545a23ca7f20dd9fb71
2133,22594,"Agoseris apargioides, Basal rosette of leaves.",ea5c694d68296cd2ce8ccafb93b42d03
2134,22595,"Agoseris apargioides, Often found in coastal sand dunes.",4104806066a2162001cadb2fed0bcd88
2135,22608,"Astragalus nuttallii, Yellow pea flowers are arranged in a tight spiral.",8524bc3314a3204d8d29fd31bd21cd18
2136,22609,"Astragalus nuttallii, Compound leaves are pinnate , like all vetches. They're large and hairy.",3fad7a791c07003df05dd06dbd87a741
2137,22610,"Astragalus nuttallii, The fruit blows up into a huge bladder.",5b0822f61184aeee702bbd18c82ceeea
2138,22632,"Juncus balticus, Flowers cluster at the top of the stem, with a stem-like bract extending above.  Note the slightly different color of the bract.",a1d301063c8f304405677fe73faa212d
2139,22633,"Juncus balticus, This closeup shows brown tepals , yellow anthers on short filaments , and pink stigmas over a superior ovary .",9891ffbe240676a661f1e7d5a4d437ed
2140,22634,"Juncus balticus, This rush has no leaf blade , just a brown sheath that covers the green stem.",afd02b1365bc0cfbb3c291fde0e49caa
2141,23136,"Sidalcea glaucescens, Dark pink flower with 5 thin, overlapping petals .",fb85a67e9d095488de023e3f6fbaefef
2142,23137,"Sidalcea glaucescens, Leaves are deeply divided, often into 5 parts.  Flowers grow along the stem.",b80880fc854e79dc94e8ba54fb579d7a
2143,23138,"Sidalcea glaucescens, Notice sepals below the petals, twisted petals of a bloom not yet open, and the large reproductive parts in the center of the flower.",d1f83a81e5f02e0e0949ccf8a0c966cf
2144,23217,"Asclepias cordifolia, Purple-petaled flowers cluster on stalks up to 2"" long, forming a loose sphere.",13c146a81757a83e6b4ad670689f1bb0
2145,23218,"Asclepias cordifolia, Purple petals are spread wide or back.  5 circular attachments called hoods protect the stamens .",f93746e83b8b960cffb1fdd1862c88f4
2146,23219,"Asclepias cordifolia, Leaves are large and heart-shaped, clasping the stem.",efc1608876830e7f71d69e0f88fb9899
2147,23603,"Lupinus arbustus, Look for an obvious spur (the bump on the left side of the pea flower in this drawing).",62a1302c765fb62c011fa1f7f54d8015
2148,23604,"Lupinus arbustus, Leaves are palmate (narrow and finger like).",5b827d6e3bcb09d513cc01f95996a361
2149,23605,"Lupinus arbustus, Flowers stand erect over the leaves.  Can be white or blue.",b7603f6ca48b5aa42683c77f5726f53d
2150,23776,"Muilla maritima, Long narrow leaves surround a stalk that grows over 1 foot to an umbel of 6-petaled white flowers.",769e8c03c9952ef52ad296641f43b333
2151,23777,"Muilla maritima, Flowers are under 1/2 inch across and have 6 petal-like tepals .",123345cf25be44e8b1b353f46f71633e
2152,23778,"Muilla maritima, Six stamens surround a stout pistil . Their anthers can be green, blue or purple.",d187ca24cff73648088d452a07d5f605
2153,24295,"Quercus wislizeni var. frutescens, Leaves to 2 inches long, somewhat stiff, glossy on both sides.  Leaf edges vary a lot, even on the same tree.",1f18474447be173d751c678e6017e081
2154,24296,"Quercus wislizeni var. frutescens, Thin scales on acorn cap.",b2dcb4585312badf435eedcf5bb7bb86
2155,24297,"Quercus wislizeni var. frutescens, Male catkins release pollen in the spring.  Female flowers are tiny, found in the joints of leaf stems.",ba049dfef8f6f1c510a3e218c5677c8e
2156,24301,"Lilium parryi, Lemon-yellow lily flowers point sideways, featuring large orange/brown anthers , a green-tinged center and a strong fragrance.",9e11be211a347315d6296a4be66862de
2157,24302,"Lilium parryi, Early plants photosynthesize from leaves that don't even have stems, building up energy for more growth next year.",901f9c23aaf76291cefcbaa9995afb0d
2158,24303,"Lilium parryi, It takes many years before a plant will produce multiple flowers.  Flowers appear above whorled leaves.",cd1fe8ba6214f6360a7be5203644e2c9
2159,24684,"Hordeum brachyantherum ssp. californicum, This bunch grass grows to two feet high, with a dense inflorescence in the top few inches.  Leaves grow to 5"" long.",fe2eea9ffced3b5db7e734b0c6fd7853
2160,24685,"Hordeum brachyantherum ssp. californicum, Young spikelets form a tight cylinder. They lie along the stem, rather than sticking out.",1f7e34d89179cdd16defe56bd7796bda
2161,24686,"Hordeum brachyantherum ssp. californicum, Mature spikelets spread out, with awns making them look bushy.",3ba36572c68e9a6c11deacde61b13650
2162,24975,"Poa pratensis ssp. pratensis, This is a low-growing sod grass. The inflorescence is open and triangular in shape.",691fc1eeb2e0cb30989677d8bf5f242d
2163,24976,"Poa pratensis ssp. pratensis, Each spikelet has 3-6 florets and cobweb-like hairs at its base.  Florets can be purple-tinged at maturity.",a05508b789e80d6b7e9a8ac6324f9360
2164,25215,"Pinus flexilis, Short needles, to 3"", in groups of 5.  White lines on all surfaces.",d07bbcfaa71e296d50e08e0b7d1b9841
2165,25216,"Pinus flexilis, Thick cone scales with thin tips and no prickles, grow to 7"" long.",a2a0d9cb47531bc2fc684646da5d26ae
2166,25217,"Pinus flexilis, Grayish-brown bark with furrows and ridges.  Grows to about 50 feet tall if not windswept.",ed2240b4545ccc0a819fe2c27e525f96
2167,26005,"Justicia californica, The lower lip opens up wide from the upper.",d2bee111626b8fa0e015ec71f51a19bf
2168,26006,"Justicia californica, Stems are rather thick and pale.",d5bfdea2a74deee4462fa238cb63dea1
2169,26007,"Justicia californica, Dark red flowers make this shrub easy to spot.",3ea8c65095380fb99abf9213164274b1
2170,27273,"Parapholis incurva, This grass has stems that branch at the base (unusual for a grass).  Stems curve ( incurva ) like a sickle.  Leaf blades are often inrolled and can grow to 4"".",c77308d557b8f4aa59c1bf2ec0f38d68
2171,27274,"Parapholis incurva, Tiny spikelets (<1/4"") grow close to the stem, slightly overlapping.  Stem nodes are often purple.",2816fb3fc6afabe45a6599a414a8d9e7
2172,27275,"Parapholis incurva, Curved Sicklegrass is found in well-drained soil above the high-tide mark of coastal salt marshes.",df03c7217b41d13b913999554ca0fc90
2173,27528,"Polypogon interruptus, Mature inflorescenses are ""interrupted"", forming tight bunches.",c2715278a9e98bf3e5f4216b689ab2b2
2174,27529,"Polypogon interruptus, Both glumes and florets are awned , giving this grass a ""beard"" appearance.  Glumes become purple at maturity.",ae10dec226bd794a3091023bdef7c5ca
2175,27530,"Polypogon interruptus, This perennial develops dense colonies over time.  It is common in damp areas and is found to south-central US.",d99b3fb868a0cea7f5131561c8110ed3
2176,27531,"Lupinus albifrons var. collinus, Small (1/2"") flowers are arranged in an open column that is 4 - 6"" long.  They have a pale banner spot that turns purple with age.",92c5f4fb528317bbcf5c7cc2312a7878
2177,27532,"Lupinus albifrons var. collinus, Palmate leaves are also small (less than 1"" per finger), with silver hairs.",f2601a79db767090116101c898bfd354
2178,27533,"Lupinus albifrons var. collinus, This shrub is not woody throughout and lies close to the ground.",096ffc12ce40205b3efd38f8dfeec1e5
2179,27546,"Nemophila maculata, Five Spot is decorated like a Baby Blue Eyes, but with purple spots at the tips.  Leaves have several small lobes .  Stems and leaves are bristly.",56ab22e634ecc49590b96bc4a764abb9
2180,27547,"Nemophila maculata, The purple spots can be seen from the side. Sepals are separate, pointed, and have little appendages at their base.",556179dbe55d040f8855aacee414ab07
2181,27548,"Nemophila maculata, Five Spot is often found in colonies, growing low to the ground.",f9576a462bd48a171d0c43c8d543d48f
2182,27555,"Fritillaria liliacea, Nodding bell-shaped flowers with 6 white tepals with green stripes.",338fde94d7f4301c1c7441dec2b1e123
2183,27556,"Fritillaria liliacea, Notice the elegant 3-branched stigma and 6 large yellow anthers .",5414d345bb349d0c63cfea1623fb44ec
2184,27557,"Fritillaria liliacea, Leaves are narrow and alternate, mostly around the base.",b20a97761ea7b4483573ad232a0bd87e
2185,27798,"Chlorogalum pomeridianum var. divaricatum, Beautiful flowers with 6 thin petals and yellow or purple anthers .",370a26bc9324a0140f5f5674e0bd1cd8
2186,27799,"Chlorogalum pomeridianum var. divaricatum, Fruits mature for a few months on the low, branching flower stalk.",bb9b3a1b4e3d837b087de2cb047fcc1d
2187,27800,"Chlorogalum pomeridianum var. divaricatum, Because it is low to the ground, flowers seem to nestle in the leaves.",b1a3b483399062630fe0666cfbe9ae0d
2188,28686,"Poa secunda ssp. secunda, Spikelets ,often tinged purple, have 3-6 visible florets . Anthers and stigmas are showing in this picture.",6b854fff53fd25ae02bb0990a7e6fcfe
2189,28687,"Poa secunda ssp. secunda, Poa leaves are ""boat shaped"", with grooves on both sides of a center vein and a prow-tipped end.",e16ab0b16ad28b18fc3edaed9d7232c4
2190,28688,"Poa secunda ssp. secunda, Leaves are soft, often narrow, and wither early.",705fd06289d114701086e337f41ba3af
2191,29781,"Grindelia stricta var. angustifolia, Lots of large petals and central flowers.",d996325456c6e3cf208e0c25d4adb228
2192,29782,"Grindelia stricta var. angustifolia, Base of the flower is a sticky, bumpy sphere.",a3c7ca8526d4875d50fa64727b33faad
2193,29783,"Grindelia stricta var. angustifolia, Flowers grow at the end of stems, up to 6 feet tall.",7dbb274a1c0fffbe6ee4340fb979cb63
2194,29802,"Spartina alterniflora, Smooth, hollow stems to 5 feet tall, are 1/2 inch wide at their base and then taper to a bent-over tip.",860858fe04c7a60aa6e476e3e384ff13
2195,29803,"Spartina alterniflora, Many tiny flowers are yellow-green, turning brown in the winter.",1b4eb34e5dedb499b14904906789eb71
2196,29804,"Spartina alterniflora, Grows more thickly than the native California Cordgrass, providing poorer animal habitat  than native California Cordgrass.",41ca9fc0af245baeec9536c6212614f7
2197,30087,"Festuca elmeri, This plant has lots of air in it - small spikelets hang from branched stalks that are longer than the spikelets.",0408f747ccaffbb8e1575aa3c4e4c740
2198,30088,"Festuca elmeri, Spikelet stalks are long and spreading, twisting and bending easily.  Spikelets contain 2-6 florets .",4197f35686c2ba4c4e2d8b42ff88be98
2199,30089,"Festuca elmeri, Florets are rough (scabrous) and have short, hair-like awns .",10fbb548567dc9d4e966f35622b9ad0a
2200,30249,"Pinus pinea, Needles in 2s grow from 4 to 8 inches long.",d6212fdd30f2f444a378d00f6f2ac6cd
2201,30250,"Pinus pinea, Heavy branching trunks are red-brown and deeply fissured, making vertical plates.",024cfc2e1722662101451872ca69bdd1
2202,30251,"Pinus pinea, Grows to 80 feet",bcb7b09a16304cd7db539c7fb372e6f5
2203,30675,"Lagurus ovatus, Grows over 1 foot tall with a soft, hairy plume at the top that looks and feels like a hare's foot.",c62ee271ee9717848dcbe26c67e1163b
2204,30676,"Lagurus ovatus, Grass-style leaves join the stem in a loose sheath.",57189a1a1bec2c8430344f44b405938f
2205,30677,"Lagurus ovatus, The inflorescence is a group of dozens of little flowers, which totals about  inch long.",1bc984849beb57ca886284dd78eec29c
2206,30783,"Pinus canariensis, Yellow-green needles up to 12 inches long are grouped in 3s.",3dc7f0c06917e4ca6ff1c53b37121e8f
2207,30784,"Pinus canariensis, Cones up to 7"" long and 2"" wide.  Chestnut brown, they stay closed for years.",5917491401d24f95aa6656c7eb6655fb
2208,30785,"Pinus canariensis, Very fire resistant, this tree grows to medium height.",885d8d716d161d2442206d45afde4238
2209,31206,"Salvia spathacea, A dramatic red flower of the Mint Family.",2c582df039fbf19c8212c80d314dff5e
2210,31207,"Salvia spathacea, Flowers cluster in balls around the stem.",ed4ec3a99edba8430e9e9116b2934061
2211,31208,"Salvia spathacea, Leaves are wide, hairy, opposite and crinkled.  Notice two pairs of leaves growing from the same spot near the top of the stem.",fb78fb84b5cd42e026fe35b7872f01f9
2212,33728,"Heterotheca grandiflora, Telegraph Weed looks like a telephone pole, tall, erect, and unbranching until the top.",ea9c36780e024683ab01779d3b6d64bf
2213,33729,"Heterotheca grandiflora, Lower leaves have stalks with bases that open up and wrap around the stem.  They're hairy and sticky.",17260527f79541a225d8203f61cab9c6
2214,33730,"Heterotheca grandiflora, 4-6 layers of green phyllaries surround the flower head.  Their tips are pointed and turn purple or red.",72144ad01aec4eca930cf3786701cb3c
2215,33964,"Quercus parvula var. shrevei, Evergreen leaves have smooth edges once above the reach of browsers.",a25fc227dc685df60309465ca4ae892e
2216,33965,"Quercus parvula var. shrevei, Acorns along the stem.",7060cf33bffd93f1b9482c510c9120b7
2217,33966,"Quercus parvula var. shrevei, Similar to interior live oak, but with bigger leaves.",cba8ebd8ab8e32ca7d9da697e54056b5
2218,34239,"Eriastrum abramsii, Leaves are divided into thin lobes .  Flower is small and irregular.",8bb7deedceb1d023c7248ce105a18994
2219,34240,"Eriastrum abramsii, Flower is surrounded by green bracts filled with a woolly fiber.  It is a member of a group called Woollystars.",69edd0ae5dbe7a326d36d8394e73eef4
2220,34241,"Eriastrum abramsii, Grows to about 6 inches tall, with flowers on the end of thin, divided stems.",a26eba80a7a480816258d30397121183
2221,34254,"Barbarea orthoceras, Look for compound leaves with a large final leaflet, and bright yellow 4-petaled flowers.",c2cff578f07a414024b448b9bc737021
2222,34255,"Barbarea orthoceras, Flowers have the Mustard Family look - four separate petals that open to form a flat cross.",a099bed497fe7215069b8ca1e92d8db6
2223,34256,"Barbarea orthoceras, Winter Cress stands erect, with large leaves at its base.  Branches end in tight clusters of yellow flowers.",ba42045223b4cd3ec5858e92ee46468e
2224,34413,"Arctostaphylos regismontana, Leaves have ""mouse ears"" at bottom that overlap the stem.  They're hairy and sticky.",e34549fe28bbe21d4aa4a2eeca633504
2225,34414,"Arctostaphylos regismontana, Red berries are about 1/4"" across, hairy and sticky.",c8d021394570f2afa8267d914ad16979
2226,34415,"Arctostaphylos regismontana, Beautiful red trunks are often on show for this shrub that grows to 8 feet and more.",59aeede0a98e29358b7d2f0d1026b38f
2227,34416,"Physocarpus capitatus, 5-petaled flowers cluster in a half sphere, showing many long stamens and yellow centers.",8cc4e1024b0fa9fecddfb57f9d89272d
2228,34417,"Physocarpus capitatus, Leaves are maple-leaf-like, darker above, with veins protruding below.",f9f48d0513339d75c36b69437909bace
2229,34418,"Physocarpus capitatus, Bark peels away in thin layers, shredding to reveal multiple colors; thus its name, ninebark.",ca80ed1838380d4520328f9582dde297
2230,34460,"Penstemon rydbergii, 2 petals point up and 3 petals form the bottom of an opening trumpet shape.  The yellow hairs are infertile stamens , and give us the name ""Beardtongue""",16974982a038919815b33a27f8b45a97
2231,34461,"Penstemon rydbergii, Flowers form whorls around the stem.  Note the penstemon shape, with a fat tube opening up into 5 petals.",7a2a680bc789a9c6664a90ba73fbaf75
2232,34462,"Penstemon rydbergii, Leaves are longer than wide, opposite, and are found on the bottom half of the stem.  Flowers make whorls along the top half.",35c5fee08391379b38eaeb5e8434a592
2233,34568,"Claytonia parviflora ssp. parviflora, Miner's Lettuce has a fleshy leaf that surrounds a flower cluster at the end of the stem.",2744580133ea7e9def57f15aa8c37f85
2234,34569,"Claytonia parviflora ssp. parviflora, Flowers can be white or pink.  Leaves don't have a diamond shape at the end, like perfoliata .",9358dff7663a52b9b73d50da8fe640a4
2235,34570,"Claytonia parviflora ssp. parviflora, Basal leaves are sometimes quite narrow and grow less than 3"" long.",db073482b21c0f57bcceee7206e0aec5
2236,34910,"Arctostaphylos imbricata, Although limited to San Bruno Mountain, this manzanita is widespread and grows thickly along the ground, not exceeding 1 foot high.",68d8d1a8264cbe3a7a4fed0939d0c59b
2237,34911,"Arctostaphylos imbricata, Leaves stick out from stem and overlap each other like shingles.  Hairs make for a pale green color.",fa2335fe8dc8fff8b75ff29618b8c9db
2238,34912,"Arctostaphylos imbricata, Leaves, stems and flowers are hairy.  Notice leaf-like bracts at the base of the flower inflorescence .",5a7e00ac03df0a4348583fd1ee5e3bf3
2239,34913,"Arctostaphylos pacifica, Leaves are about 1/2"" long, with small bumps on their edges.  The top is darker than the bottom.",7d9396c31461fa752dd26e3da912827a
2240,34914,"Arctostaphylos pacifica, Leaves come to a point at both ends.  A cluster of white or pink urn-shaped flowers hang down from the end of stems.",df9dd7020080e34d71e11c012d82fb6e
2241,34915,"Arctostaphylos pacifica, Pacific Manzanita lies low to the ground, with a thick cover of leaves.",fda647c3379b17e11370fee3fd38f01b
2242,34916,"Arctostaphylos montaraensis, Long pointed leaves.  Lots of hairs on the leaves, stem and flower stalks.",d00fd99ab7b981befacb5302aa157177
2243,34917,"Arctostaphylos montaraensis, Berries, flowers and stems have long hairs with sap at the tips, making them quite sticky.",a8f1c5693e8dfc4a23f9800d00a0b384
2244,34918,"Arctostaphylos montaraensis, Montara Manzanita can grow to about 10 feet tall, with large main branches.  This makes it easy to spot.",19a15aaee434f49a2b9fd8a55344815c
2245,34922,"Arctostaphylos uva-ursi f. leobreweri, Leaves about 1"" long with a pointed tip.",d0006af2ffe94e62ccc1af4269f05a86
2246,34923,"Arctostaphylos uva-ursi f. leobreweri, Red flower stems ( pedicels ), and pink sepals behind pale urn-shaped flowers.",f8164f7dc396bcf223d5690e8a393445
2247,34924,"Arctostaphylos uva-ursi f. leobreweri, Mounds to almost 2 feet tall.  Leaves thickly cover tangled prostrate branches.",6455f1191ef99382214c18863c8d5cb9
2248,34925,"Arctostaphylos uva-ursi f. suborbiculata, Leaves have smooth curved sides.  They connect to the stem in a spiral.",30497de3eaa27f535f584ece962d1afc
2249,34926,"Arctostaphylos uva-ursi f. suborbiculata, Tightly clustered pink flowers at the end of stems.",871252b3666bcff8116e2437a448107d
2250,34927,"Arctostaphylos uva-ursi f. suborbiculata, Lies close to the ground.  Many small leaves cover most of the underlying branches.",4ebf8499431285f5474bfe4e5ab230e3
2251,35737,"Arctostaphylos franciscana, Pink urn-shaped flowers hang down from a central point.",bb8f877973febeb563f62d89d9f28d96
2252,35738,"Arctostaphylos franciscana, Leaves are thick, small, waxy, and smooth edged.",d0b75d5ad06e1af9e493f3eb4324abb0
2253,35739,"Arctostaphylos franciscana, This is a low-growing shrub.",cfdbf3b63f564dc96a1e64ff4450d9b4
2254,35740,"Arctostaphylos tomentosa, Early flower development (nacent inflorescences) has leafy bracts , are long, and fuzzy.",7538281af061667d80a373b480e9230b
2255,35741,"Arctostaphylos tomentosa, Bark peals in shaggy manner.",e365b6f819897a99b1abffaa31f2abf6
2256,35742,"Arctostaphylos tomentosa, Leaves are hairy underneath and smooth on top.",43e915df322c7c4aa64fe91256900c81
2257,35953,"Ceanothus integerrimus var. integerrimus, Leaves are soft.  The stem is flexible.  This variety has a single central vein.",b4c209b8f6a6c2cdd600ad9fce1abd69
2258,35954,"Ceanothus integerrimus var. integerrimus, Fruit is red, sticky and ridged, forming 3 sections.",7894c4f867d74da01f45dc7b5975da45
2259,35955,"Ceanothus integerrimus var. integerrimus, This variety stands erect and has deciduous leaves.  It has a spicy, sweet fragrance.",e66a3f9cfba740162a6daba731562493
2260,36010,"Castilleja wightii, Orange, red or yellow flowers.",45877aacc0db8c58115dcb04fff350b9
2261,36011,"Castilleja wightii, A spike of flowers at the top of a robust stem.",111e7481925dff508da364dd4b579810
2262,36012,"Castilleja wightii, Here's a red bloom, on a coastal bluff.",cf9ec811bb87e88a75ac9097c49c5861
2263,36211,"Lupinus formosus var. formosus, This summer bloomer flowers as other lupines are finishing up. Its stems are covered with silver hairs and its pea flowers are fragrant.",cdcb53b252d11eb613d8d7be47e92924
2264,36212,"Lupinus formosus var. formosus, A tall inflorescence (up to 12""), and large, narrow, palmate leaves, make this a prominent plant.",49b590fd70d91d585cc4ecf7ce914796
2265,36213,"Lupinus formosus var. formosus, Summer Lupine is generally some shade of purple.  It often has a white banner spot that turns magenta with age.",d453f6f480ee256b46fe0fc770761921
2266,36223,"Lupinus hirsutissimus, This tall annual is covered in stinging hairs.  The flower cluster at the top can be 12"" long.",dda34bd37aa254887ad7ceea920ea313
2267,36224,"Lupinus hirsutissimus, Flowers do not form in whorls, but create a spiral.  Notice the stinging hairs on the stem.",a06503c827b626e57754c27ee7dbaeff
2268,36225,"Lupinus hirsutissimus, Leaves have blisters with stinging hairs emerging from them.  Each leaflet is large - 2 to 3"" long!",b9fcb3e9de1176fade9421071420f232
2269,36337,"Galium triflorum, A sweet-smelling vine with whorled leaves along a square stem, ending in tiny flowers.  Hooked hairs will grab on for a ride on your socks.",1d559cc445cc4239e2817862730ada4d
2270,36338,"Galium triflorum, The vine ends with 2 or 3 flowers, each on its own stalk. Flowers, are small (under 1/4"") and have four pointed white petals",f6d0e1c4efc97636c244a89dc901159c
2271,36339,"Galium triflorum, Six whorled leaves appear at intervals along the stem.  The vine is rough enough to stick to your clothing.",e936f46be17048ce3e411f2416b641c6
2272,36340,"Osmorhiza berteroi, Look for 8-inch long divided leaves.  They're aromatic, serrated and lobed .  Flowers are quite small compared to the leaves.",6812adc42b4d76fcd3b58f56a2b2cec2
2273,36341,"Osmorhiza berteroi, Flowers have small white ""petals"" and orange stamens and form a loose cluster at the end of 4-foot tall flower stalks.",481981953e5b4ee7286de773b09738ba
2274,36342,"Osmorhiza berteroi, Leaves and flowers are on separate ""stems.""  Fruit has bristly ribs.",6f00ef10181e67f7727d065e0fb2ef69
2275,36352,"Calochortus albus, Beautiful white to pink globe flowers hang down from slender arching stems.",409b724eb77103e49c03ad09b839ad04
2276,36353,"Calochortus albus, A pair of leafy bracts grow above the nodding flower.  Petals overlap slightly and almost close together at the tip.",133232252f8fc955531e59a305f2423d
2277,36354,"Calochortus albus, Normally closed, this open flower shows crescent-shaped nectaries and sparse but long hairs.",a86993e1233955a18eef1bd55638bfc8
2278,36471,"Melica geyeri, It's a bunch grass , taller than most Melicas .",6c64582d0d4978b95d9b5c16cbdddd2e
2279,36472,"Melica geyeri, Spikelets are cylindrical and with no, or very short, awns .  Glumes are papery and rounded.",3769d192b0f6b55c79fc91ac419ea656
2280,36473,"Melica geyeri, Roots form onion-like corms .",0f83dd119dcbc93de9edad74ae405331
2281,37022,"Typha angustifolia, The cattail has two spikes, male flowers on top and female below.  The dense spikes are separated by a few inches of stem.",d76ad99e77641d85767e492dcdb3b7a6
2282,37023,"Typha angustifolia, Leaves are long and rather stiff.  They're generally less than 1/2"" wide, compared to 1"" wide for Common Cattail.",2891b8343467b754d25c604b2e30c21d
2283,37024,"Typha angustifolia, After pollination, male flowers fall off.  Dried out leaves get even narrower - to about 1/4"" wide.",103bffa461d6672cddf70576dc6956a7
2284,37025,"Gastridium phleoides, Nits are small and so is this grass, with perhaps 100 tiny spikelets packed in an inch or so.  This grass is easy to overlook but offers a beautiful inflorescence .",16b9dd93a314ba9d524f003e2e004eff
2285,37026,"Gastridium phleoides, The stem is straight and thread-like.  Leaves are also straight and reach upwards, ending in a point.",afb4f2abe15807d1135adedb74e198f0
2286,37027,"Gastridium phleoides, Spikelets reveal their stalks at maturity.  1/4"" awns stick out.",4df14b237ae5b3b665cb3ca19a6a4c40
2287,37151,"Hordeum marinum ssp. gussoneanum, Many spikelets form a dense, awned spike at the top of the stem, up to 3"" long.  They can turn purplish with age.",c5723582514182679bfe39a516bcc514
2288,37152,"Hordeum marinum ssp. gussoneanum, Spikelets line up in two ranks .  The longest awns are from the glumes but each floret also has an awn.",834e5dda26d457dc4e2f9f23d237e691
2289,37153,"Hordeum marinum ssp. gussoneanum, This small grass looks like its taller Hordeum brothers, and is common on disturbed sites.",a616a1f0e375d0f883c61ddb6685cebe
2290,37292,"Eriogonum luteolum var. luteolum, Pink round flower groups connect directly to the stem.",5e092cc9f1b8d27862c5f0c2c756cf27
2291,37293,"Eriogonum luteolum var. luteolum, Leaves mostly basal , more or less round.",c4f195d6add6af1c3bd36af059a2dc99
2292,37294,"Eriogonum luteolum var. luteolum, Grows to about 20 inches tall with small pink flower groups along the stems.",2868d34b21f0dfc9a3f9588a6d1bdc63
2293,37544,"Trillium chloropetalum, Look for 3 leaves, 3 sepals and 3 petals.  Flowers are generally purple.  The leaves can be purple-blotched.",dbea5316c581c2c8edbca6f52ea2d52a
2294,37545,"Trillium chloropetalum, At 2 or more inches across, this flower is fairly large, but much smaller than the wide 8-inch-long leaves that surround it.",a2ba5dd08152ad211889b04cac98be92
2295,37546,"Trillium chloropetalum, Wakerobin is found in groups, low to the ground, in moist shady woods.",f7fca0671ec86059183c63e2275243bb
2296,37681,"Erythranthe cardinalis, This is a red monkey flower with a wide open yellow throat.  Opposite, toothed, evergreen, fuzzy leaves can be 3"" long.",afdcf3ac201c998f93a3b03d6c7cbdb6
2297,37682,"Erythranthe cardinalis, Petals are reflexed (curving back) leaving a wide open center.  4 stamens stand near the upper lip.",5741ed9cdcf4cff7697cb6df39113399
2298,37683,"Erythranthe cardinalis, Leaves are serrated, with parallel veins.  The stem and leaves are covered with long soft hairs.",b0830fd457e04dbaf36a48ee92034490
2299,37702,"Vicia sativa, Common Vetch has compound leaves with tendrils at the end.  One or two flowers connect to leaf axils .  The stem is 4-sided and hollow.",cf1ee8301af0549385bbceaa51590e1a
2300,37703,"Vicia sativa, Leaflets end in a tiny point, formed by an extension of the central vein.",ee5225cfc5b908c061bbaeab4f30bd54
2301,37704,"Vicia sativa, At the base of the leaves is a pointy stipule with a dark nectary that attracts ants to defend its tender leaves.",ca6edaae62ef6f47ea3f5fb900af2c00
2302,37708,"Corallorhiza striata, Striped Coralroot stands erect on dry decaying matter in evergreen or conifer forests.",fe962913cb7fe7d87f80c7d055a2a7c0
2303,37709,"Corallorhiza striata, Three petals and 3 sepals , both with dark stripes along their length, form an orchid flower.",122fe69285365f3114c37af858bc2d2f
2304,37710,"Corallorhiza striata, The top of the stem has quite a few small (< 1/2"" across) striped flowers.  The fruit grows to be larger than the original flower.",9c1a4cedc68354be959506c47a0fe3f1
2305,37729,"Hemizonia congesta ssp. luzulifolia, This is a composite flower , with central disc flowers that have purple anthers and white-petaled ray flowers .",ffcee3430e900dc3b9d23e2835147bf3
2306,37730,"Hemizonia congesta ssp. luzulifolia, Thin stems and narrow leaves are covered in hairs ending in glands that emit a tar-like resin.",a5c17f1348a1210cc338ade4522df2c7
2307,37731,"Hemizonia congesta ssp. luzulifolia, This California native fills fields with white blooms in the fall, when native bees and other pollinators really need it.",25861e18a6677316b65ff7cf78e5a662
2308,37793,"Abutilon palmeri, This mallow has heart-shaped leaves and floppy-petaled orange flowers.",32af230e81ed0ef5c022d75f20c9f325
2309,37796,"Arctostaphylos silvicola, This manzanita does well in nutrient-poor soil.",f4f9dc6c6b941ecbe1ee0e9ebc2be278
2310,37806,"Ceanothus maritimus, Fragrant clusters of tiny flowers show hundreds of stamens .",d2e9d9709d65123983a397a74df7ecb3
2311,37807,"Ceanothus maritimus, Leaves are small, with a abruptly rounded tip.",f4a40b0e1ddad63abd53e44c2b6a5bbe
2312,37936,"Dittrichia graveolens, Stinkwort has a small, yellow, composite flower, surrounded by narrow, hairy, oily, green phyllaries .",dcc93fb3286a12065fc806b0142c74df
2313,37937,"Dittrichia graveolens, Leaves and flower stalks grow out of a common leaf axil .",c81beb91708ba6d176ef580213d11417
2314,37938,"Dittrichia graveolens, Hairy leaves stick out from stem.  Oil on the hair causes its strong smell.  Leaf margins have small teeth.",90de5c6acad8ce20f09ab2facf5316d1
2315,38425,"Lepidium lasiocarpum ssp. lasiocarpum, Pepperweeds have small flat, oval fruits.  This Pepperweed has hairy stems and hair along the margins of the fruits.",33edbc4eb8148e22133561d5c382de3f
2316,38426,"Lepidium lasiocarpum ssp. lasiocarpum, Leaves are highly divided.",443a7eb946d604d83dcf9f237bf2aba9
2317,38427,"Lepidium lasiocarpum ssp. lasiocarpum, The small balls you see here are the flowers - they look green because the white petals barely extend beyond their protective green calyx .",63a75663bed9fd30af63103e74ab025a
2318,38431,"Barbarea vulgaris, 4-petalled flowers have yellow-tipped stamens visible in the center.  Flowers cluster at the top of a stem.",5b960760f609b7ff4243f5dcd2eb1144
2319,38432,"Barbarea vulgaris, Compound leaves have a large leaflet at the tip and a couple of pairs of leaflets below.",40c19fcf3f3f467f2a68a1632bd8756c
2320,38433,"Barbarea vulgaris, Yellow Rocket grows in thick colonies, 1 or 2 feet tall.",b5cbdc79c5c4dca08cd1346ac880e460
2321,38798,"Delphinium nuttallianum, You can tell this is a larkspur by its distinctive flower - a long front lip below irregular petals, and a spur behind.",11c4b85eb74abfbddd3d350a49481e09
2322,38799,"Delphinium nuttallianum, Leaves are deeply lobed .  Each flower connects to the upper stem on a separate pedicel .",3f95b6ded45c8435078dc5e4b7eec1d8
2323,38800,"Delphinium nuttallianum, Fruits form in 3s, and look puffed up.",d4847e6d840f4ed28dca770aee3f7eda
2324,39138,"Quercus durata var. durata, Leather Oak is a dense leafy shrub, and is often found in serpentine chaparral .",aa838927c853d11fdd27e46353fe1a3a
2325,39152,"Quercus garryana var. garryana, Deciduous leaves with 3 to 7 rounded lobes.",d5047abc10708fb464942c57a32d5fb9
2326,39153,"Quercus garryana var. garryana, Acorn is wide and short, with a scaly cup.",8507b8cdddecfd41bc0ef9e5ddfc0663
2327,39154,"Quercus garryana var. garryana, Grows to 60 feet, but also occurs as a shrub.",611563058f4e88df3ea1469d38d0a4c1
2328,39164,"Clarkia concinna ssp. concinna, Pink petals have 3 lobes at the end.",cf0213f2c010de2017973b1b8fec3fc9
2329,39165,"Clarkia concinna ssp. concinna, Note ""red ribbons"" (sepals) hanging down from flower.",18ce7de04e1e2c8adf348db32b857ed7
2330,39166,"Clarkia concinna ssp. concinna, Smooth-edged leaves along stem, with central vein.",2c0a88db3a4b0a2b2d0961761586f818
2331,39167,"Hesperocyparis sargentii, Round closed cones.  Yellow or orange pollen cones.",c3274a58d23e8009bab45309622c4c41
2332,39168,"Hesperocyparis sargentii, Bark is thick and full of fibers.",2b94575ce4746f16224310322ad74570
2333,39169,"Hesperocyparis sargentii, Grows on serpentine slopes, often in a pure stand.",53c2033b343ff6ca7a5e577fbc5c3383
2334,39179,"Selaginella wallacei, Many thin leaves (about 1/8"" long) growing in all directions around a brown stem.",aeef1d2e715a49c80e7be4783264f5d3
2335,39180,"Selaginella wallacei, Leaves turn grey-green with maturity.",db13e3ca05c2a5814c887508eb2bee2c
2336,39181,"Selaginella wallacei, Covers rocks in a solid green layer, with its many branches and leaves.",909c55bd70264707017a2377f9cd511b
2337,39185,"Pyrola picta, Basal leaves have white markings along the veins.  A 1-foot stalk supports a loose cluster of hanging flowers.",8ad7a3f9d50c0cf29d4f613e81548d0f
2338,39186,"Pyrola picta, Flowers are whitish, have 5 stamens and a long pistil .",bcdf1f4cc5a0d97d9619dcc75e904f25
2339,39187,"Pyrola picta, Flowers hang from a reddish-brown stalk.",d680ac3dd583a20a93f64af509e73bf1
2340,39536,"Bromus laevipes, This grass has an drooping inflorescence . Single spikelets hang down from stalks.  They're bronze-tinged.",d278a87cebd16e552194863ec1c72067
2341,39537,"Bromus laevipes, Florets have a short, straight awn on top and many long, soft hairs at the base.  Leaves are flat, fairly wide at the base and grow about 8"" long.",49a245e9838151a87f4cf8c4ecb2f817
2342,39538,"Bromus laevipes, These single-stem grasses are tall and arching.  Like other bromes , it shows a V neck at the top of leaf sheaths .",35b3d15a2e4d94f4e25b23ad011cf6e8
2343,39545,"Trifolium bifidum var. decipiens, Clover leaves have distinctive notches at their end.",b3f65ac69cdbfc5f210a618fa48587ce
2344,39546,"Trifolium bifidum var. decipiens, Stems are hairy near the flower.",76c80ac17982ceda7ff676b817a66986
2345,39547,"Trifolium bifidum var. decipiens, Mature flowers droop.",43779fcc66cb2d657bfb93f0423e0ee3
2346,39896,"Eriophyllum lanatum, This low-lying sunflower has 6-10 yellow ""petals"" and a yellow center.  Leaves are woolly.",ab40267daaa9e29516bc5fd200a8efc0
2347,39897,"Eriophyllum lanatum, Woolly leaves have 3 or 5 finger-like teeth.",fd2ba378224322844ae8e4306e60ba56
2348,39898,"Eriophyllum lanatum, Phyllaries are also woolly, and pointed.",12f81c54eed37c690ec8e70c911098c0
